sportmonks_fixture_id,bookmaker,market,label,selection_name,odds,implied_probability,timestamp,finished,league_id,season_id,mapping_confidence
19135818,bet365,Goalscorers,Last,Alama Bayo,9.5,0.105263,2024-08-01 17:50:05,True,5,23620,UNMAPPED
19135818,bet365,Team Goalscorer,First,Alama Bayo,6.0,0.166667,2024-08-01 17:50:05,True,5,23620,UNMAPPED
19135818,bet365,Goalscorers,First,Alama Bayo,9.5,0.105263,2024-08-01 17:50:05,True,5,23620,UNMAPPED
19135818,bet365,Team Goalscorer,First,No Goalscorer (Cercle Brugge),5.5,0.181818,2024-08-01 17:50:05,True,5,23620,UNMAPPED
19135818,bet365,Team Goalscorer,Last,Ahoueke Denkey,2.75,0.363636,2024-08-01 17:50:05,True,5,23620,UNMAPPED
19135818,bet365,Team Goalscorer,Last,Bruno Goncalves,4.75,0.210526,2024-08-01 17:50:05,True,5,23620,UNMAPPED
19135818,bet365,Team Goalscorer,Last,No Goalscorer (Cercle Brugge),5.5,0.181818,2024-08-01 17:50:05,True,5,23620,UNMAPPED
19135818,bet365,Goalscorers,First,Thomas Davies,51.0,0.019608,2024-08-01 17:40:06,True,5,23620,UNMAPPED
19135818,bet365,Goalscorers,Last,Kevin van Veen,11.0,0.090909,2024-08-01 17:40:06,True,5,23620,UNMAPPED
19135818,bet365,Goalscorers,First,No Goalscorer,17.0,0.058824,2024-08-01 17:50:05,True,5,23620,UNMAPPED
19135818,bet365,Goalscorers,Anytime,Ibrahim Diakite,9.0,0.111111,2024-08-01 17:40:06,True,5,23620,UNMAPPED
19135818,bet365,Goalscorers,Anytime,Boris Popovic,9.0,0.111111,2024-08-01 17:50:05,True,5,23620,UNMAPPED
19135818,bet365,Team Goalscorer,Last,James Balagizi,9.0,0.111111,2024-08-01 17:20:08,True,5,23620,UNMAPPED
19135818,bet365,Team Goalscorer,Last,Kyle Magennis,9.0,0.111111,2024-08-01 17:20:08,True,5,23620,UNMAPPED
19135818,bet365,Team Goalscorer,Last,Marley Watkins,6.0,0.166667,2024-08-01 17:50:05,True,5,23620,UNMAPPED
19135818,bet365,Team Goalscorer,Last,Rory McKenzie,8.5,0.117647,2024-08-01 17:50:05,True,5,23620,UNMAPPED
19135818,bet365,Goalscorers,First,Malamine Efekele,7.5,0.133333,2024-08-01 17:40:06,True,5,23620,UNMAPPED
19135818,bet365,Goalscorers,Last,Ahoueke Denkey,4.0,0.25,2024-08-01 17:50:05,True,5,23620,UNMAPPED
19135818,bet365,Goalscorers,Last,Corrie Ndaba,34.0,0.029412,2024-08-01 17:40:06,True,5,23620,UNMAPPED
19135818,bet365,Team Goalscorer,Last,Alan Minda,5.0,0.2,2024-08-01 17:50:05,True,5,23620,UNMAPPED
19135818,bet365,Team Goalscorer,First,Nils De Wilde,10.0,0.1,2024-08-01 17:20:08,True,5,23620,UNMAPPED
19135818,bet365,Team Goalscorer,First,Ahoueke Denkey,2.75,0.363636,2024-08-01 17:50:05,True,5,23620,UNMAPPED
19135818,bet365,Goalscorers,Last,Nunes Erick,15.0,0.066667,2024-08-01 17:40:06,True,5,23620,UNMAPPED
19135818,bet365,Goalscorers,Last,James Balagizi,19.0,0.052632,2024-08-01 17:40:06,True,5,23620,UNMAPPED
19135818,bet365,Goalscorers,Last,Marley Watkins,13.0,0.076923,2024-08-01 17:50:05,True,5,23620,UNMAPPED
19135818,bet365,Goalscorers,Last,Boris Popovic,23.0,0.043478,2024-08-01 17:50:05,True,5,23620,UNMAPPED
19135818,bet365,Goalscorers,Last,Aaron Brown,13.0,0.076923,2024-08-01 17:40:06,True,5,23620,UNMAPPED
19135818,bet365,Goalscorers,Last,Ibrahim Diakite,23.0,0.043478,2024-08-01 17:40:06,True,5,23620,UNMAPPED
19135818,bet365,Goalscorers,Last,Thomas Davies,51.0,0.019608,2024-08-01 17:40:06,True,5,23620,UNMAPPED
19135818,bet365,Goalscorers,Last,Jonas Lietaert,23.0,0.043478,2024-08-01 17:50:05,True,5,23620,UNMAPPED
19135818,bet365,Team Goalscorer,Last,Thomas Davies,26.0,0.038462,2024-08-01 17:20:08,True,5,23620,UNMAPPED
19135818,bet365,Team Goalscorer,First,Alan Minda,5.0,0.2,2024-08-01 17:50:05,True,5,23620,UNMAPPED
19135818,bet365,Team Goalscorer,First,Nunes Erick,10.0,0.1,2024-08-01 17:20:08,True,5,23620,UNMAPPED
19135818,bet365,Team Goalscorer,Last,Nils De Wilde,10.0,0.1,2024-08-01 17:20:08,True,5,23620,UNMAPPED
19135818,bet365,Team Goalscorer,Last,Nunes Erick,10.0,0.1,2024-08-01 17:20:08,True,5,23620,UNMAPPED
19135818,bet365,Team Goalscorer,Last,Ibrahim Diakite,15.0,0.066667,2024-08-01 17:20:08,True,5,23620,UNMAPPED
19135818,bet365,Team Goalscorer,First,Kevin van Veen,4.75,0.210526,2024-08-01 17:20:08,True,5,23620,UNMAPPED
19135818,bet365,Team Goalscorer,First,Aaron Brown,6.0,0.166667,2024-08-01 17:20:08,True,5,23620,UNMAPPED
19135818,bet365,Team Goalscorer,First,James Balagizi,9.0,0.111111,2024-08-01 17:20:08,True,5,23620,UNMAPPED
19135818,bet365,Team Goalscorer,First,Kyle Magennis,9.0,0.111111,2024-08-01 17:20:08,True,5,23620,UNMAPPED
19135818,bet365,Team Goalscorer,First,Corrie Ndaba,17.0,0.058824,2024-08-01 17:20:08,True,5,23620,UNMAPPED
19135818,bet365,Team Goalscorer,First,Thomas Davies,26.0,0.038462,2024-08-01 17:20:08,True,5,23620,UNMAPPED
19135818,bet365,Team Goalscorer,Last,Aaron Brown,6.0,0.166667,2024-08-01 17:20:08,True,5,23620,UNMAPPED
19135818,bet365,Team Goalscorer,Last,Corrie Ndaba,17.0,0.058824,2024-08-01 17:20:08,True,5,23620,UNMAPPED
19135818,bet365,Goalscorers,First,Kevin van Veen,11.0,0.090909,2024-08-01 17:40:06,True,5,23620,UNMAPPED
19135818,bet365,Goalscorers,First,Aaron Brown,13.0,0.076923,2024-08-01 17:40:06,True,5,23620,UNMAPPED
19135818,bet365,Goalscorers,First,Nils De Wilde,15.0,0.066667,2024-08-01 17:40:06,True,5,23620,UNMAPPED
19135818,bet365,Goalscorers,First,Nunes Erick,15.0,0.066667,2024-08-01 17:40:06,True,5,23620,UNMAPPED
19135818,bet365,Goalscorers,First,James Balagizi,19.0,0.052632,2024-08-01 17:40:06,True,5,23620,UNMAPPED
19135818,bet365,Goalscorers,First,Kyle Magennis,19.0,0.052632,2024-08-01 17:40:06,True,5,23620,UNMAPPED
19135818,bet365,Goalscorers,First,Ibrahim Diakite,23.0,0.043478,2024-08-01 17:40:06,True,5,23620,UNMAPPED
19135818,bet365,Goalscorers,First,Corrie Ndaba,34.0,0.029412,2024-08-01 17:40:06,True,5,23620,UNMAPPED
19135818,bet365,Goalscorers,Last,Malamine Efekele,7.5,0.133333,2024-08-01 17:40:06,True,5,23620,UNMAPPED
19135818,bet365,Goalscorers,Anytime,Malamine Efekele,3.1,0.322581,2024-08-01 17:40:06,True,5,23620,UNMAPPED
19135818,bet365,Goalscorers,Anytime,Kevin van Veen,4.33,0.230947,2024-08-01 17:40:06,True,5,23620,UNMAPPED
19135818,bet365,Goalscorers,Anytime,Aaron Brown,5.0,0.2,2024-08-01 17:40:06,True,5,23620,UNMAPPED
19135818,bet365,Goalscorers,Anytime,Nunes Erick,6.0,0.166667,2024-08-01 17:40:06,True,5,23620,UNMAPPED
19135818,bet365,Goalscorers,Anytime,James Balagizi,7.5,0.133333,2024-08-01 17:40:06,True,5,23620,UNMAPPED
19135818,bet365,Goalscorers,Anytime,Kyle Magennis,7.5,0.133333,2024-08-01 17:40:06,True,5,23620,UNMAPPED
19135818,bet365,Goalscorers,Anytime,Corrie Ndaba,13.0,0.076923,2024-08-01 17:40:06,True,5,23620,UNMAPPED
19135818,bet365,Goalscorers,Anytime,Thomas Davies,19.0,0.052632,2024-08-01 17:40:06,True,5,23620,UNMAPPED
19135818,bet365,Goalscorers,First,Ahoueke Denkey,4.0,0.25,2024-08-01 17:50:05,True,5,23620,UNMAPPED
19135818,bet365,Goalscorers,Anytime,Ahoueke Denkey,1.9,0.526316,2024-08-01 17:50:05,True,5,23620,UNMAPPED
19135818,bet365,Goalscorers,First,Marley Watkins,13.0,0.076923,2024-08-01 17:50:05,True,5,23620,UNMAPPED
19135818,bet365,Goalscorers,First,Rory McKenzie,19.0,0.052632,2024-08-01 17:50:05,True,5,23620,UNMAPPED
19135818,bet365,Goalscorers,Anytime,Marley Watkins,5.0,0.2,2024-08-01 17:50:05,True,5,23620,UNMAPPED
19135818,bet365,Goalscorers,Anytime,Rory McKenzie,7.5,0.133333,2024-08-01 17:50:05,True,5,23620,UNMAPPED
19135818,bet365,Goalscorers,First,Bruno Goncalves,7.0,0.142857,2024-08-01 17:50:05,True,5,23620,UNMAPPED
19135818,bet365,Goalscorers,First,Rayan El Bahri,9.5,0.105263,2024-08-01 17:50:05,True,5,23620,UNMAPPED
19135818,bet365,Goalscorers,First,Bobby Wales,11.0,0.090909,2024-08-01 17:50:05,True,5,23620,UNMAPPED
19135818,bet365,Goalscorers,First,Innes Cameron,12.0,0.083333,2024-08-01 17:50:05,True,5,23620,UNMAPPED
19135818,bet365,Goalscorers,First,Kian Lesley,19.0,0.052632,2024-08-01 17:50:05,True,5,23620,UNMAPPED
19135818,bet365,Goalscorers,First,Emmanuel Kakou,21.0,0.047619,2024-08-01 17:50:05,True,5,23620,UNMAPPED
19135818,bet365,Goalscorers,First,Gary Mackay-Steven,21.0,0.047619,2024-08-01 17:50:05,True,5,23620,UNMAPPED
19135818,bet365,Goalscorers,First,Ben Brannan,23.0,0.043478,2024-08-01 17:50:05,True,5,23620,UNMAPPED
19135818,bet365,Goalscorers,First,Boris Popovic,23.0,0.043478,2024-08-01 17:50:05,True,5,23620,UNMAPPED
19135818,bet365,Goalscorers,First,Jonas Lietaert,23.0,0.043478,2024-08-01 17:50:05,True,5,23620,UNMAPPED
19135818,bet365,Goalscorers,First,Ethan Brown,51.0,0.019608,2024-08-01 17:50:05,True,5,23620,UNMAPPED
19135818,bet365,Goalscorers,Last,Bruno Goncalves,7.0,0.142857,2024-08-01 17:50:05,True,5,23620,UNMAPPED
19135818,bet365,Goalscorers,Last,Rayan El Bahri,9.5,0.105263,2024-08-01 17:50:05,True,5,23620,UNMAPPED
19135818,bet365,Goalscorers,Last,Bobby Wales,11.0,0.090909,2024-08-01 17:50:05,True,5,23620,UNMAPPED
19135818,bet365,Goalscorers,Last,Innes Cameron,12.0,0.083333,2024-08-01 17:50:05,True,5,23620,UNMAPPED
19135818,bet365,Goalscorers,Last,Kian Lesley,19.0,0.052632,2024-08-01 17:50:05,True,5,23620,UNMAPPED
19135818,bet365,Goalscorers,Last,Emmanuel Kakou,21.0,0.047619,2024-08-01 17:50:05,True,5,23620,UNMAPPED
19135818,bet365,Goalscorers,Last,Ben Brannan,23.0,0.043478,2024-08-01 17:50:05,True,5,23620,UNMAPPED
19135818,bet365,Goalscorers,Last,Ethan Brown,51.0,0.019608,2024-08-01 17:50:05,True,5,23620,UNMAPPED
19135818,bet365,Goalscorers,Last,No Goalscorer,17.0,0.058824,2024-08-01 17:50:05,True,5,23620,UNMAPPED
19135818,bet365,Goalscorers,Anytime,Bruno Goncalves,3.0,0.333333,2024-08-01 17:50:05,True,5,23620,UNMAPPED
19135818,bet365,Goalscorers,Anytime,Alan Minda,3.4,0.294118,2024-08-01 17:50:05,True,5,23620,UNMAPPED
19135818,bet365,Goalscorers,Anytime,Rayan El Bahri,4.0,0.25,2024-08-01 17:50:05,True,5,23620,UNMAPPED
19135818,bet365,Goalscorers,Anytime,Bobby Wales,4.5,0.222222,2024-08-01 17:50:05,True,5,23620,UNMAPPED
19135818,bet365,Goalscorers,Anytime,Innes Cameron,4.75,0.210526,2024-08-01 17:50:05,True,5,23620,UNMAPPED
19135818,bet365,Goalscorers,Anytime,Kian Lesley,7.5,0.133333,2024-08-01 17:50:05,True,5,23620,UNMAPPED
19135818,bet365,Goalscorers,Anytime,Emmanuel Kakou,8.0,0.125,2024-08-01 17:50:05,True,5,23620,UNMAPPED
19135818,bet365,Goalscorers,Anytime,Gary Mackay-Steven,8.0,0.125,2024-08-01 17:50:05,True,5,23620,UNMAPPED
19135818,bet365,Goalscorers,Anytime,Ben Brannan,9.0,0.111111,2024-08-01 17:50:05,True,5,23620,UNMAPPED
19135818,bet365,Goalscorers,Anytime,Jonas Lietaert,9.0,0.111111,2024-08-01 17:50:05,True,5,23620,UNMAPPED
19135818,bet365,Goalscorers,Anytime,Ethan Brown,19.0,0.052632,2024-08-01 17:50:05,True,5,23620,UNMAPPED
19135818,bet365,Team Goalscorer,First,Rayan El Bahri,6.0,0.166667,2024-08-01 17:50:05,True,5,23620,UNMAPPED
19135818,bet365,Team Goalscorer,First,Emmanuel Kakou,13.0,0.076923,2024-08-01 17:50:05,True,5,23620,UNMAPPED
19135818,bet365,Team Goalscorer,First,Boris Popovic,15.0,0.066667,2024-08-01 17:50:05,True,5,23620,UNMAPPED
19135818,bet365,Team Goalscorer,First,Jonas Lietaert,15.0,0.066667,2024-08-01 17:50:05,True,5,23620,UNMAPPED
19135818,bet365,Team Goalscorer,Last,Rayan El Bahri,6.0,0.166667,2024-08-01 17:50:05,True,5,23620,UNMAPPED
19135818,bet365,Team Goalscorer,Last,Emmanuel Kakou,13.0,0.076923,2024-08-01 17:50:05,True,5,23620,UNMAPPED
19135818,bet365,Team Goalscorer,Last,Boris Popovic,15.0,0.066667,2024-08-01 17:50:05,True,5,23620,UNMAPPED
19135818,bet365,Team Goalscorer,Last,Jonas Lietaert,15.0,0.066667,2024-08-01 17:50:05,True,5,23620,UNMAPPED
19135818,bet365,Team Goalscorer,First,No Goalscorer (Kilmarnock),1.95,0.512821,2024-08-01 17:50:05,True,5,23620,UNMAPPED
19135818,bet365,Team Goalscorer,First,Bobby Wales,4.75,0.210526,2024-08-01 17:50:05,True,5,23620,UNMAPPED
19135818,bet365,Team Goalscorer,First,Innes Cameron,5.5,0.181818,2024-08-01 17:50:05,True,5,23620,UNMAPPED
19135818,bet365,Team Goalscorer,First,Marley Watkins,6.0,0.166667,2024-08-01 17:50:05,True,5,23620,UNMAPPED
19135818,bet365,Team Goalscorer,First,Kian Lesley,8.5,0.117647,2024-08-01 17:50:05,True,5,23620,UNMAPPED
19135818,bet365,Team Goalscorer,First,Rory McKenzie,8.5,0.117647,2024-08-01 17:50:05,True,5,23620,UNMAPPED
19135818,bet365,Team Goalscorer,First,Gary Mackay-Steven,10.0,0.1,2024-08-01 17:50:05,True,5,23620,UNMAPPED
19135818,bet365,Team Goalscorer,First,Ben Brannan,11.0,0.090909,2024-08-01 17:50:05,True,5,23620,UNMAPPED
19135818,bet365,Team Goalscorer,First,Ethan Brown,21.0,0.047619,2024-08-01 17:50:05,True,5,23620,UNMAPPED
19135818,bet365,Team Goalscorer,Last,Bobby Wales,4.75,0.210526,2024-08-01 17:50:05,True,5,23620,UNMAPPED
19135818,bet365,Team Goalscorer,Last,Innes Cameron,5.5,0.181818,2024-08-01 17:50:05,True,5,23620,UNMAPPED
19135818,bet365,Team Goalscorer,Last,Kian Lesley,8.5,0.117647,2024-08-01 17:50:05,True,5,23620,UNMAPPED
19135818,bet365,Team Goalscorer,Last,Gary Mackay-Steven,10.0,0.1,2024-08-01 17:50:05,True,5,23620,UNMAPPED
19135818,bet365,Team Goalscorer,Last,Ben Brannan,11.0,0.090909,2024-08-01 17:50:05,True,5,23620,UNMAPPED
19135818,bet365,Team Goalscorer,Last,Ethan Brown,21.0,0.047619,2024-08-01 17:50:05,True,5,23620,UNMAPPED
19135818,bet365,Goalscorers,Last,Nils De Wilde,15.0,0.066667,2024-08-01 17:40:06,True,5,23620,UNMAPPED
19135818,bet365,Goalscorers,Anytime,Nils De Wilde,6.0,0.166667,2024-08-01 17:40:06,True,5,23620,UNMAPPED
19135818,bet365,Team Goalscorer,Last,Alama Bayo,6.0,0.166667,2024-08-01 17:50:05,True,5,23620,UNMAPPED
19135818,bet365,Team Goalscorer,First,Ibrahim Diakite,15.0,0.066667,2024-08-01 17:20:08,True,5,23620,UNMAPPED
19135818,bet365,Team Goalscorer,Last,Malamine Efekele,4.75,0.210526,2024-08-01 17:20:08,True,5,23620,UNMAPPED
19135818,bet365,Goalscorers,Last,Alan Minda,8.0,0.125,2024-08-01 17:50:05,True,5,23620,UNMAPPED
19135818,bet365,Team Goalscorer,First,Malamine Efekele,4.75,0.210526,2024-08-01 17:20:08,True,5,23620,UNMAPPED
19135818,bet365,Team Goalscorer,First,Bruno Goncalves,4.75,0.210526,2024-08-01 17:50:05,True,5,23620,UNMAPPED
19135818,bet365,Goalscorers,Last,Kyle Magennis,19.0,0.052632,2024-08-01 17:40:06,True,5,23620,UNMAPPED
19135818,bet365,Goalscorers,Last,Rory McKenzie,19.0,0.052632,2024-08-01 17:50:05,True,5,23620,UNMAPPED
19135818,bet365,Goalscorers,Last,Gary Mackay-Steven,21.0,0.047619,2024-08-01 17:50:05,True,5,23620,UNMAPPED
19135818,bet365,Team Goalscorer,Last,Kevin van Veen,4.75,0.210526,2024-08-01 17:20:08,True,5,23620,UNMAPPED
19135818,bet365,Team Goalscorer,Last,No Goalscorer (Kilmarnock),1.95,0.512821,2024-08-01 17:50:05,True,5,23620,UNMAPPED
19135818,bet365,Goalscorers,Anytime,Alama Bayo,4.0,0.25,2024-08-01 17:50:05,True,5,23620,UNMAPPED
19135818,bet365,Goalscorers,First,Alan Minda,8.0,0.125,2024-08-01 17:50:05,True,5,23620,UNMAPPED
19135819,bet365,Goalscorers,Anytime,Johan Bakke,7.0,0.142857,2024-07-25 16:50:08,True,5,23620,UNMAPPED
19135819,bet365,Team Goalscorer,Last,Jeppe Andersen,12.0,0.083333,2024-07-25 16:50:08,True,5,23620,UNMAPPED
19135819,bet365,Goalscorers,Anytime,Mats Moller Daehli,4.33,0.230947,2024-07-25 16:50:08,True,5,23620,UNMAPPED
19135819,bet365,Goalscorers,First,Mark Christensen,23.0,0.043478,2024-07-25 16:50:08,True,5,23620,UNMAPPED
19135819,bet365,Team Goalscorer,First,Kristian Eriksen,4.0,0.25,2024-07-25 16:50:08,True,5,23620,UNMAPPED
19135819,bet365,Goalscorers,Anytime,Valdemar Lund Jensen,11.0,0.090909,2024-07-25 16:50:08,True,5,23620,UNMAPPED
19135819,bet365,Goalscorers,Anytime,Andreas Poulsen,13.0,0.076923,2024-07-25 16:50:08,True,5,23620,UNMAPPED
19135819,bet365,Goalscorers,Anytime,Julius Nielsen,13.0,0.076923,2024-07-25 16:50:08,True,5,23620,UNMAPPED
19135819,bet365,Goalscorers,Anytime,Oliver Sonne,13.0,0.076923,2024-07-25 16:50:08,True,5,23620,UNMAPPED
19135819,bet365,Goalscorers,Anytime,Mads Freundlich,7.0,0.142857,2024-07-25 16:50:08,True,5,23620,UNMAPPED
19135819,bet365,Goalscorers,Anytime,Mads Larsen,7.0,0.142857,2024-07-25 16:50:08,True,5,23620,UNMAPPED
19135819,bet365,Goalscorers,Anytime,Martin Linnes,7.0,0.142857,2024-07-25 16:50:08,True,5,23620,UNMAPPED
19135819,bet365,Goalscorers,Anytime,Ramazan Orazov,7.0,0.142857,2024-07-25 16:50:08,True,5,23620,UNMAPPED
19135819,bet365,Goalscorers,First,Anders Klynge,21.0,0.047619,2024-07-25 16:50:08,True,5,23620,UNMAPPED
19135819,bet365,Goalscorers,First,Eirik Haugan,21.0,0.047619,2024-07-25 16:50:08,True,5,23620,UNMAPPED
19135819,bet365,Team Goalscorer,Last,No Goalscorer (Molde),5.0,0.2,2024-07-25 16:50:08,True,5,23620,UNMAPPED
19135819,bet365,Team Goalscorer,Last,Alwande Roaldsoy,6.5,0.153846,2024-07-25 16:50:08,True,5,23620,UNMAPPED
19135819,bet365,Team Goalscorer,Last,Mats Moller Daehli,6.5,0.153846,2024-07-25 16:50:08,True,5,23620,UNMAPPED
19135819,bet365,Team Goalscorer,Last,Valdemar Lund Jensen,17.0,0.058824,2024-07-25 16:50:08,True,5,23620,UNMAPPED
19135819,bet365,Goalscorers,Last,Markus Kaasa,8.0,0.125,2024-07-25 16:50:08,True,5,23620,UNMAPPED
19135819,bet365,Goalscorers,Last,Alexander Lind,9.5,0.105263,2024-07-25 16:50:08,True,5,23620,UNMAPPED
19135819,bet365,Goalscorers,Last,Magnus Solheim,8.5,0.117647,2024-07-25 16:50:08,True,5,23620,UNMAPPED
19135819,bet365,Goalscorers,Last,Alwande Roaldsoy,10.0,0.1,2024-07-25 16:50:08,True,5,23620,UNMAPPED
19135819,bet365,Goalscorers,Last,Mats Moller Daehli,10.0,0.1,2024-07-25 16:50:08,True,5,23620,UNMAPPED
19135819,bet365,Goalscorers,Anytime,Anders Hagelskjaer,8.5,0.117647,2024-07-25 16:50:08,True,5,23620,UNMAPPED
19135819,bet365,Goalscorers,First,Mads Larsen,17.0,0.058824,2024-07-25 16:50:08,True,5,23620,UNMAPPED
19135819,bet365,Goalscorers,First,Martin Linnes,17.0,0.058824,2024-07-25 16:50:08,True,5,23620,UNMAPPED
19135819,bet365,Goalscorers,First,Ramazan Orazov,17.0,0.058824,2024-07-25 16:50:08,True,5,23620,UNMAPPED
19135819,bet365,Goalscorers,First,Anders Hagelskjaer,21.0,0.047619,2024-07-25 16:50:08,True,5,23620,UNMAPPED
19135819,bet365,Goalscorers,First,Jens Gammelby,23.0,0.043478,2024-07-25 16:50:08,True,5,23620,UNMAPPED
19135819,bet365,Goalscorers,First,Pelle Mattsson,23.0,0.043478,2024-07-25 16:50:08,True,5,23620,UNMAPPED
19135819,bet365,Goalscorers,First,Casper Oyvann,26.0,0.038462,2024-07-25 16:50:08,True,5,23620,UNMAPPED
19135819,bet365,Goalscorers,First,Isak Helstad Amundsen,26.0,0.038462,2024-07-25 16:50:08,True,5,23620,UNMAPPED
19135819,bet365,Goalscorers,First,Andreas Poulsen,34.0,0.029412,2024-07-25 16:50:08,True,5,23620,UNMAPPED
19135819,bet365,Goalscorers,First,Julius Nielsen,34.0,0.029412,2024-07-25 16:50:08,True,5,23620,UNMAPPED
19135819,bet365,Goalscorers,First,Oliver Sonne,34.0,0.029412,2024-07-25 16:50:08,True,5,23620,UNMAPPED
19135819,bet365,Goalscorers,First,Pedro Ganchas,34.0,0.029412,2024-07-25 16:50:08,True,5,23620,UNMAPPED
19135819,bet365,Goalscorers,First,Halldor Stenevik,13.0,0.076923,2024-07-25 16:50:08,True,5,23620,UNMAPPED
19135819,bet365,Goalscorers,First,Sondre Granaas,13.0,0.076923,2024-07-25 16:50:08,True,5,23620,UNMAPPED
19135819,bet365,Goalscorers,First,Johan Bakke,17.0,0.058824,2024-07-25 16:50:08,True,5,23620,UNMAPPED
19135819,bet365,Goalscorers,First,Mads Freundlich,17.0,0.058824,2024-07-25 16:50:08,True,5,23620,UNMAPPED
19135819,bet365,Goalscorers,First,Robin Ostrom,41.0,0.02439,2024-07-25 16:50:08,True,5,23620,UNMAPPED
19135819,bet365,Goalscorers,First,Pontus Rodin,51.0,0.019608,2024-07-25 16:50:08,True,5,23620,UNMAPPED
19135819,bet365,Goalscorers,First,No Goalscorer,13.0,0.076923,2024-07-25 16:50:08,True,5,23620,UNMAPPED
19135819,bet365,Goalscorers,Last,Veton Berisha,5.5,0.181818,2024-07-25 16:50:08,True,5,23620,UNMAPPED
19135819,bet365,Team Goalscorer,First,No Goalscorer (Silkeborg IF),2.5,0.4,2024-07-25 16:50:08,True,5,23620,UNMAPPED
19135819,bet365,Team Goalscorer,First,Alexander Lind,4.75,0.210526,2024-07-25 16:50:08,True,5,23620,UNMAPPED
19135819,bet365,Team Goalscorer,First,Tonni Adamsen,4.75,0.210526,2024-07-25 16:50:08,True,5,23620,UNMAPPED
19135819,bet365,Team Goalscorer,First,Mads Freundlich,8.5,0.117647,2024-07-25 16:50:08,True,5,23620,UNMAPPED
19135819,bet365,Team Goalscorer,First,Mads Larsen,8.5,0.117647,2024-07-25 16:50:08,True,5,23620,UNMAPPED
19135819,bet365,Team Goalscorer,First,Ramazan Orazov,8.5,0.117647,2024-07-25 16:50:08,True,5,23620,UNMAPPED
19135819,bet365,Team Goalscorer,Last,Halldor Stenevik,8.0,0.125,2024-07-25 16:50:08,True,5,23620,UNMAPPED
19135819,bet365,Team Goalscorer,Last,Sondre Granaas,8.0,0.125,2024-07-25 16:50:08,True,5,23620,UNMAPPED
19135819,bet365,Team Goalscorer,Last,Johan Bakke,10.0,0.1,2024-07-25 16:50:08,True,5,23620,UNMAPPED
19135819,bet365,Team Goalscorer,Last,Martin Linnes,11.0,0.090909,2024-07-25 16:50:08,True,5,23620,UNMAPPED
19135819,bet365,Team Goalscorer,Last,Anders Hagelskjaer,13.0,0.076923,2024-07-25 16:50:08,True,5,23620,UNMAPPED
19135819,bet365,Team Goalscorer,Last,Eirik Haugan,13.0,0.076923,2024-07-25 16:50:08,True,5,23620,UNMAPPED
19135819,bet365,Team Goalscorer,Last,Filip Kristoffersen,13.0,0.076923,2024-07-25 16:50:08,True,5,23620,UNMAPPED
19135819,bet365,Team Goalscorer,Last,Casper Oyvann,17.0,0.058824,2024-07-25 16:50:08,True,5,23620,UNMAPPED
19135819,bet365,Team Goalscorer,First,Andreas Poulsen,19.0,0.052632,2024-07-25 16:50:08,True,5,23620,UNMAPPED
19135819,bet365,Team Goalscorer,First,Oliver Sonne,19.0,0.052632,2024-07-25 16:50:08,True,5,23620,UNMAPPED
19135819,bet365,Team Goalscorer,First,Robin Ostrom,21.0,0.047619,2024-07-25 16:50:08,True,5,23620,UNMAPPED
19135819,bet365,Team Goalscorer,First,Pontus Rodin,26.0,0.038462,2024-07-25 16:50:08,True,5,23620,UNMAPPED
19135819,bet365,Team Goalscorer,Last,No Goalscorer (Silkeborg IF),2.5,0.4,2024-07-25 16:50:08,True,5,23620,UNMAPPED
19135819,bet365,Team Goalscorer,Last,Alexander Lind,4.75,0.210526,2024-07-25 16:50:08,True,5,23620,UNMAPPED
19135819,bet365,Team Goalscorer,Last,Tonni Adamsen,4.75,0.210526,2024-07-25 16:50:08,True,5,23620,UNMAPPED
19135819,bet365,Goalscorers,First,Kristian Eriksen,6.0,0.166667,2024-07-25 16:50:08,True,5,23620,UNMAPPED
19135819,bet365,Goalscorers,First,Markus Kaasa,8.0,0.125,2024-07-25 16:50:08,True,5,23620,UNMAPPED
19135819,bet365,Goalscorers,First,Alexander Lind,9.5,0.105263,2024-07-25 16:50:08,True,5,23620,UNMAPPED
19135819,bet365,Goalscorers,First,Tonni Adamsen,9.5,0.105263,2024-07-25 16:50:08,True,5,23620,UNMAPPED
19135819,bet365,Goalscorers,Last,Kristian Eriksen,6.0,0.166667,2024-07-25 16:50:08,True,5,23620,UNMAPPED
19135819,bet365,Goalscorers,Last,Tonni Adamsen,9.5,0.105263,2024-07-25 16:50:08,True,5,23620,UNMAPPED
19135819,bet365,Goalscorers,Anytime,Kristian Eriksen,2.75,0.363636,2024-07-25 16:50:08,True,5,23620,UNMAPPED
19135819,bet365,Goalscorers,Anytime,Markus Kaasa,3.4,0.294118,2024-07-25 16:50:08,True,5,23620,UNMAPPED
19135819,bet365,Goalscorers,Anytime,Alexander Lind,4.0,0.25,2024-07-25 16:50:08,True,5,23620,UNMAPPED
19135819,bet365,Goalscorers,Anytime,Tonni Adamsen,4.0,0.25,2024-07-25 16:50:08,True,5,23620,UNMAPPED
19135819,bet365,Goalscorers,First,Veton Berisha,5.5,0.181818,2024-07-25 16:50:08,True,5,23620,UNMAPPED
19135819,bet365,Goalscorers,First,Aaron Olanare,6.0,0.166667,2024-07-25 16:50:08,True,5,23620,UNMAPPED
19135819,bet365,Goalscorers,First,Gustav Nyheim,7.0,0.142857,2024-07-25 16:50:08,True,5,23620,UNMAPPED
19135819,bet365,Goalscorers,First,Magnus Solheim,8.5,0.117647,2024-07-25 16:50:08,True,5,23620,UNMAPPED
19135819,bet365,Goalscorers,First,Alwande Roaldsoy,10.0,0.1,2024-07-25 16:50:08,True,5,23620,UNMAPPED
19135819,bet365,Goalscorers,First,Mats Moller Daehli,10.0,0.1,2024-07-25 16:50:08,True,5,23620,UNMAPPED
19135819,bet365,Goalscorers,First,Leon-Robin Juberg-Hovland,12.0,0.083333,2024-07-25 16:50:08,True,5,23620,UNMAPPED
19135819,bet365,Goalscorers,First,Filip Kristoffersen,21.0,0.047619,2024-07-25 16:50:08,True,5,23620,UNMAPPED
19135819,bet365,Goalscorers,First,Jeppe Andersen,23.0,0.043478,2024-07-25 16:50:08,True,5,23620,UNMAPPED
19135819,bet365,Goalscorers,First,Andreas Pyndt,26.0,0.038462,2024-07-25 16:50:08,True,5,23620,UNMAPPED
19135819,bet365,Goalscorers,First,Valdemar Lund Jensen,26.0,0.038462,2024-07-25 16:50:08,True,5,23620,UNMAPPED
19135819,bet365,Goalscorers,Last,Aaron Olanare,6.0,0.166667,2024-07-25 16:50:08,True,5,23620,UNMAPPED
19135819,bet365,Goalscorers,Last,Gustav Nyheim,7.0,0.142857,2024-07-25 16:50:08,True,5,23620,UNMAPPED
19135819,bet365,Goalscorers,Last,Leon-Robin Juberg-Hovland,12.0,0.083333,2024-07-25 16:50:08,True,5,23620,UNMAPPED
19135819,bet365,Goalscorers,Last,Halldor Stenevik,13.0,0.076923,2024-07-25 16:50:08,True,5,23620,UNMAPPED
19135819,bet365,Goalscorers,Last,Sondre Granaas,13.0,0.076923,2024-07-25 16:50:08,True,5,23620,UNMAPPED
19135819,bet365,Goalscorers,Last,Johan Bakke,17.0,0.058824,2024-07-25 16:50:08,True,5,23620,UNMAPPED
19135819,bet365,Goalscorers,Last,Mads Freundlich,17.0,0.058824,2024-07-25 16:50:08,True,5,23620,UNMAPPED
19135819,bet365,Goalscorers,Last,Mads Larsen,17.0,0.058824,2024-07-25 16:50:08,True,5,23620,UNMAPPED
19135819,bet365,Goalscorers,Last,Martin Linnes,17.0,0.058824,2024-07-25 16:50:08,True,5,23620,UNMAPPED
19135819,bet365,Goalscorers,Last,Ramazan Orazov,17.0,0.058824,2024-07-25 16:50:08,True,5,23620,UNMAPPED
19135819,bet365,Goalscorers,Last,Anders Hagelskjaer,21.0,0.047619,2024-07-25 16:50:08,True,5,23620,UNMAPPED
19135819,bet365,Goalscorers,Last,Anders Klynge,21.0,0.047619,2024-07-25 16:50:08,True,5,23620,UNMAPPED
19135819,bet365,Goalscorers,Last,Eirik Haugan,21.0,0.047619,2024-07-25 16:50:08,True,5,23620,UNMAPPED
19135819,bet365,Goalscorers,Last,Filip Kristoffersen,21.0,0.047619,2024-07-25 16:50:08,True,5,23620,UNMAPPED
19135819,bet365,Goalscorers,Last,Jens Gammelby,23.0,0.043478,2024-07-25 16:50:08,True,5,23620,UNMAPPED
19135819,bet365,Goalscorers,Last,Jeppe Andersen,23.0,0.043478,2024-07-25 16:50:08,True,5,23620,UNMAPPED
19135819,bet365,Goalscorers,Last,Mark Christensen,23.0,0.043478,2024-07-25 16:50:08,True,5,23620,UNMAPPED
19135819,bet365,Goalscorers,Last,Pelle Mattsson,23.0,0.043478,2024-07-25 16:50:08,True,5,23620,UNMAPPED
19135819,bet365,Goalscorers,Last,Andreas Pyndt,26.0,0.038462,2024-07-25 16:50:08,True,5,23620,UNMAPPED
19135819,bet365,Goalscorers,Last,Casper Oyvann,26.0,0.038462,2024-07-25 16:50:08,True,5,23620,UNMAPPED
19135819,bet365,Goalscorers,Last,Isak Helstad Amundsen,26.0,0.038462,2024-07-25 16:50:08,True,5,23620,UNMAPPED
19135819,bet365,Goalscorers,Last,Valdemar Lund Jensen,26.0,0.038462,2024-07-25 16:50:08,True,5,23620,UNMAPPED
19135819,bet365,Goalscorers,Last,Andreas Poulsen,34.0,0.029412,2024-07-25 16:50:08,True,5,23620,UNMAPPED
19135819,bet365,Goalscorers,Last,Julius Nielsen,34.0,0.029412,2024-07-25 16:50:08,True,5,23620,UNMAPPED
19135819,bet365,Goalscorers,Last,Oliver Sonne,34.0,0.029412,2024-07-25 16:50:08,True,5,23620,UNMAPPED
19135819,bet365,Goalscorers,Last,Pedro Ganchas,34.0,0.029412,2024-07-25 16:50:08,True,5,23620,UNMAPPED
19135819,bet365,Goalscorers,Last,Robin Ostrom,41.0,0.02439,2024-07-25 16:50:08,True,5,23620,UNMAPPED
19135819,bet365,Goalscorers,Last,Pontus Rodin,51.0,0.019608,2024-07-25 16:50:08,True,5,23620,UNMAPPED
19135819,bet365,Goalscorers,Last,No Goalscorer,13.0,0.076923,2024-07-25 16:50:08,True,5,23620,UNMAPPED
19135819,bet365,Goalscorers,Anytime,Veton Berisha,2.5,0.4,2024-07-25 16:50:08,True,5,23620,UNMAPPED
19135819,bet365,Goalscorers,Anytime,Aaron Olanare,2.75,0.363636,2024-07-25 16:50:08,True,5,23620,UNMAPPED
19135819,bet365,Goalscorers,Anytime,Gustav Nyheim,3.1,0.322581,2024-07-25 16:50:08,True,5,23620,UNMAPPED
19135819,bet365,Goalscorers,Anytime,Magnus Solheim,3.75,0.266667,2024-07-25 16:50:08,True,5,23620,UNMAPPED
19135819,bet365,Goalscorers,Anytime,Alwande Roaldsoy,4.33,0.230947,2024-07-25 16:50:08,True,5,23620,UNMAPPED
19135819,bet365,Goalscorers,Anytime,Leon-Robin Juberg-Hovland,5.0,0.2,2024-07-25 16:50:08,True,5,23620,UNMAPPED
19135819,bet365,Goalscorers,Anytime,Halldor Stenevik,5.5,0.181818,2024-07-25 16:50:08,True,5,23620,UNMAPPED
19135819,bet365,Goalscorers,Anytime,Sondre Granaas,5.5,0.181818,2024-07-25 16:50:08,True,5,23620,UNMAPPED
19135819,bet365,Goalscorers,Anytime,Anders Klynge,8.5,0.117647,2024-07-25 16:50:08,True,5,23620,UNMAPPED
19135819,bet365,Goalscorers,Anytime,Eirik Haugan,8.5,0.117647,2024-07-25 16:50:08,True,5,23620,UNMAPPED
19135819,bet365,Goalscorers,Anytime,Filip Kristoffersen,8.5,0.117647,2024-07-25 16:50:08,True,5,23620,UNMAPPED
19135819,bet365,Goalscorers,Anytime,Jens Gammelby,9.5,0.105263,2024-07-25 16:50:08,True,5,23620,UNMAPPED
19135819,bet365,Goalscorers,Anytime,Jeppe Andersen,9.5,0.105263,2024-07-25 16:50:08,True,5,23620,UNMAPPED
19135819,bet365,Goalscorers,Anytime,Mark Christensen,9.5,0.105263,2024-07-25 16:50:08,True,5,23620,UNMAPPED
19135819,bet365,Goalscorers,Anytime,Pelle Mattsson,9.5,0.105263,2024-07-25 16:50:08,True,5,23620,UNMAPPED
19135819,bet365,Goalscorers,Anytime,Andreas Pyndt,11.0,0.090909,2024-07-25 16:50:08,True,5,23620,UNMAPPED
19135819,bet365,Goalscorers,Anytime,Casper Oyvann,11.0,0.090909,2024-07-25 16:50:08,True,5,23620,UNMAPPED
19135819,bet365,Goalscorers,Anytime,Isak Helstad Amundsen,11.0,0.090909,2024-07-25 16:50:08,True,5,23620,UNMAPPED
19135819,bet365,Goalscorers,Anytime,Pedro Ganchas,13.0,0.076923,2024-07-25 16:50:08,True,5,23620,UNMAPPED
19135819,bet365,Goalscorers,Anytime,Robin Ostrom,17.0,0.058824,2024-07-25 16:50:08,True,5,23620,UNMAPPED
19135819,bet365,Goalscorers,Anytime,Pontus Rodin,21.0,0.047619,2024-07-25 16:50:08,True,5,23620,UNMAPPED
19135819,bet365,Team Goalscorer,First,Veton Berisha,3.5,0.285714,2024-07-25 16:50:08,True,5,23620,UNMAPPED
19135819,bet365,Team Goalscorer,First,Aaron Olanare,4.0,0.25,2024-07-25 16:50:08,True,5,23620,UNMAPPED
19135819,bet365,Team Goalscorer,First,Gustav Nyheim,4.5,0.222222,2024-07-25 16:50:08,True,5,23620,UNMAPPED
19135819,bet365,Team Goalscorer,First,Markus Kaasa,5.0,0.2,2024-07-25 16:50:08,True,5,23620,UNMAPPED
19135819,bet365,Team Goalscorer,First,No Goalscorer (Molde),5.0,0.2,2024-07-25 16:50:08,True,5,23620,UNMAPPED
19135819,bet365,Team Goalscorer,First,Magnus Solheim,5.5,0.181818,2024-07-25 16:50:08,True,5,23620,UNMAPPED
19135819,bet365,Team Goalscorer,First,Alwande Roaldsoy,6.5,0.153846,2024-07-25 16:50:08,True,5,23620,UNMAPPED
19135819,bet365,Team Goalscorer,First,Mats Moller Daehli,6.5,0.153846,2024-07-25 16:50:08,True,5,23620,UNMAPPED
19135819,bet365,Team Goalscorer,First,Leon-Robin Juberg-Hovland,7.5,0.133333,2024-07-25 16:50:08,True,5,23620,UNMAPPED
19135819,bet365,Team Goalscorer,First,Halldor Stenevik,8.0,0.125,2024-07-25 16:50:08,True,5,23620,UNMAPPED
19135819,bet365,Team Goalscorer,First,Sondre Granaas,8.0,0.125,2024-07-25 16:50:08,True,5,23620,UNMAPPED
19135819,bet365,Team Goalscorer,First,Johan Bakke,10.0,0.1,2024-07-25 16:50:08,True,5,23620,UNMAPPED
19135819,bet365,Team Goalscorer,First,Martin Linnes,11.0,0.090909,2024-07-25 16:50:08,True,5,23620,UNMAPPED
19135819,bet365,Team Goalscorer,First,Anders Hagelskjaer,13.0,0.076923,2024-07-25 16:50:08,True,5,23620,UNMAPPED
19135819,bet365,Team Goalscorer,First,Eirik Haugan,13.0,0.076923,2024-07-25 16:50:08,True,5,23620,UNMAPPED
19135819,bet365,Team Goalscorer,First,Filip Kristoffersen,13.0,0.076923,2024-07-25 16:50:08,True,5,23620,UNMAPPED
19135819,bet365,Team Goalscorer,First,Casper Oyvann,17.0,0.058824,2024-07-25 16:50:08,True,5,23620,UNMAPPED
19135819,bet365,Team Goalscorer,First,Isak Helstad Amundsen,17.0,0.058824,2024-07-25 16:50:08,True,5,23620,UNMAPPED
19135819,bet365,Team Goalscorer,First,Valdemar Lund Jensen,17.0,0.058824,2024-07-25 16:50:08,True,5,23620,UNMAPPED
19135819,bet365,Team Goalscorer,Last,Veton Berisha,3.5,0.285714,2024-07-25 16:50:08,True,5,23620,UNMAPPED
19135819,bet365,Team Goalscorer,Last,Aaron Olanare,4.0,0.25,2024-07-25 16:50:08,True,5,23620,UNMAPPED
19135819,bet365,Team Goalscorer,Last,Kristian Eriksen,4.0,0.25,2024-07-25 16:50:08,True,5,23620,UNMAPPED
19135819,bet365,Team Goalscorer,Last,Gustav Nyheim,4.5,0.222222,2024-07-25 16:50:08,True,5,23620,UNMAPPED
19135819,bet365,Team Goalscorer,Last,Markus Kaasa,5.0,0.2,2024-07-25 16:50:08,True,5,23620,UNMAPPED
19135819,bet365,Team Goalscorer,Last,Magnus Solheim,5.5,0.181818,2024-07-25 16:50:08,True,5,23620,UNMAPPED
19135819,bet365,Team Goalscorer,Last,Leon-Robin Juberg-Hovland,7.5,0.133333,2024-07-25 16:50:08,True,5,23620,UNMAPPED
19135819,bet365,Team Goalscorer,Last,Isak Helstad Amundsen,17.0,0.058824,2024-07-25 16:50:08,True,5,23620,UNMAPPED
19135819,bet365,Team Goalscorer,First,Anders Klynge,10.0,0.1,2024-07-25 16:50:08,True,5,23620,UNMAPPED
19135819,bet365,Team Goalscorer,First,Jens Gammelby,11.0,0.090909,2024-07-25 16:50:08,True,5,23620,UNMAPPED
19135819,bet365,Team Goalscorer,First,Mark Christensen,11.0,0.090909,2024-07-25 16:50:08,True,5,23620,UNMAPPED
19135819,bet365,Team Goalscorer,First,Pelle Mattsson,11.0,0.090909,2024-07-25 16:50:08,True,5,23620,UNMAPPED
19135819,bet365,Team Goalscorer,First,Jeppe Andersen,12.0,0.083333,2024-07-25 16:50:08,True,5,23620,UNMAPPED
19135819,bet365,Team Goalscorer,First,Andreas Pyndt,13.0,0.076923,2024-07-25 16:50:08,True,5,23620,UNMAPPED
19135819,bet365,Team Goalscorer,First,Julius Nielsen,17.0,0.058824,2024-07-25 16:50:08,True,5,23620,UNMAPPED
19135819,bet365,Team Goalscorer,First,Pedro Ganchas,17.0,0.058824,2024-07-25 16:50:08,True,5,23620,UNMAPPED
19135819,bet365,Team Goalscorer,Last,Mads Freundlich,8.5,0.117647,2024-07-25 16:50:08,True,5,23620,UNMAPPED
19135819,bet365,Team Goalscorer,Last,Mads Larsen,8.5,0.117647,2024-07-25 16:50:08,True,5,23620,UNMAPPED
19135819,bet365,Team Goalscorer,Last,Ramazan Orazov,8.5,0.117647,2024-07-25 16:50:08,True,5,23620,UNMAPPED
19135819,bet365,Team Goalscorer,Last,Anders Klynge,10.0,0.1,2024-07-25 16:50:08,True,5,23620,UNMAPPED
19135819,bet365,Team Goalscorer,Last,Jens Gammelby,11.0,0.090909,2024-07-25 16:50:08,True,5,23620,UNMAPPED
19135819,bet365,Team Goalscorer,Last,Mark Christensen,11.0,0.090909,2024-07-25 16:50:08,True,5,23620,UNMAPPED
19135819,bet365,Team Goalscorer,Last,Pelle Mattsson,11.0,0.090909,2024-07-25 16:50:08,True,5,23620,UNMAPPED
19135819,bet365,Team Goalscorer,Last,Andreas Pyndt,13.0,0.076923,2024-07-25 16:50:08,True,5,23620,UNMAPPED
19135819,bet365,Team Goalscorer,Last,Julius Nielsen,17.0,0.058824,2024-07-25 16:50:08,True,5,23620,UNMAPPED
19135819,bet365,Team Goalscorer,Last,Pedro Ganchas,17.0,0.058824,2024-07-25 16:50:08,True,5,23620,UNMAPPED
19135819,bet365,Team Goalscorer,Last,Andreas Poulsen,19.0,0.052632,2024-07-25 16:50:08,True,5,23620,UNMAPPED
19135819,bet365,Team Goalscorer,Last,Oliver Sonne,19.0,0.052632,2024-07-25 16:50:08,True,5,23620,UNMAPPED
19135819,bet365,Team Goalscorer,Last,Robin Ostrom,21.0,0.047619,2024-07-25 16:50:08,True,5,23620,UNMAPPED
19135819,bet365,Team Goalscorer,Last,Pontus Rodin,26.0,0.038462,2024-07-25 16:50:08,True,5,23620,UNMAPPED
19135819,bet365,Team Goalscorer,First,Frederik Carstensen,6.5,0.153846,2024-07-23 09:40:36,True,5,23620,UNMAPPED
19135819,bet365,Team Goalscorer,Last,Frederik Carstensen,6.5,0.153846,2024-07-23 09:40:36,True,5,23620,UNMAPPED
19135819,bet365,Goalscorers,First,Frederik Carstensen,13.0,0.076923,2024-07-23 09:50:35,True,5,23620,UNMAPPED
19135819,bet365,Goalscorers,Last,Frederik Carstensen,13.0,0.076923,2024-07-23 09:50:35,True,5,23620,UNMAPPED
19135819,bet365,Goalscorers,Anytime,Frederik Carstensen,5.5,0.181818,2024-07-23 09:50:35,True,5,23620,UNMAPPED
19135820,bet365,Team Goalscorer,First,Veton Berisha,3.75,0.266667,2024-08-01 17:01:37,True,5,23620,UNMAPPED
19135820,bet365,Team Goalscorer,First,No Goalscorer (Molde),3.5,0.285714,2024-08-01 17:10:04,True,5,23620,UNMAPPED
19135820,bet365,Goalscorers,First,Leon-Robin Juberg-Hovland,15.0,0.066667,2024-08-01 16:40:07,True,5,23620,UNMAPPED
19135820,bet365,Goalscorers,First,Anders Klynge,15.0,0.066667,2024-08-01 17:10:04,True,5,23620,UNMAPPED
19135820,bet365,Goalscorers,First,Oskar Boesen,15.0,0.066667,2024-08-01 17:10:04,True,5,23620,UNMAPPED
19135820,bet365,Team Goalscorer,Last,Oskar Boesen,7.5,0.133333,2024-08-01 17:10:04,True,5,23620,UNMAPPED
19135820,bet365,Goalscorers,First,Andreas Pyndt,19.0,0.052632,2024-08-01 17:10:04,True,5,23620,UNMAPPED
19135820,bet365,Team Goalscorer,Last,Leon-Robin Juberg-Hovland,8.0,0.125,2024-08-01 17:01:37,True,5,23620,UNMAPPED
19135820,bet365,Team Goalscorer,Last,Kristoffer Haugen,12.0,0.083333,2024-08-01 17:01:37,True,5,23620,UNMAPPED
19135820,bet365,Team Goalscorer,Last,Martin Linnes,12.0,0.083333,2024-08-01 17:01:37,True,5,23620,UNMAPPED
19135820,bet365,Team Goalscorer,Last,Eirik Haugan,15.0,0.066667,2024-08-01 17:10:04,True,5,23620,UNMAPPED
19135820,bet365,Team Goalscorer,Last,Mark Christensen,8.5,0.117647,2024-08-01 17:10:04,True,5,23620,UNMAPPED
19135820,bet365,Team Goalscorer,Last,Andreas Pyndt,11.0,0.090909,2024-08-01 17:10:04,True,5,23620,UNMAPPED
19135820,bet365,Team Goalscorer,Last,Anders Klynge,7.5,0.133333,2024-08-01 17:10:04,True,5,23620,UNMAPPED
19135820,bet365,Goalscorers,Anytime,Mark Christensen,6.0,0.166667,2024-08-01 17:10:04,True,5,23620,UNMAPPED
19135820,bet365,Goalscorers,Anytime,Mads Freundlich,4.75,0.210526,2024-08-01 17:10:04,True,5,23620,UNMAPPED
19135820,bet365,Goalscorers,Anytime,Sondre Granaas,6.5,0.153846,2024-08-01 17:10:04,True,5,23620,UNMAPPED
19135820,bet365,Goalscorers,First,Martin Linnes,21.0,0.047619,2024-08-01 16:40:07,True,5,23620,UNMAPPED
19135820,bet365,Goalscorers,First,Filip Kristoffersen,26.0,0.038462,2024-08-01 16:40:07,True,5,23620,UNMAPPED
19135820,bet365,Goalscorers,First,Veton Berisha,7.0,0.142857,2024-08-01 16:40:07,True,5,23620,UNMAPPED
19135820,bet365,Goalscorers,First,Magnus Solheim,11.0,0.090909,2024-08-01 16:40:07,True,5,23620,UNMAPPED
19135820,bet365,Goalscorers,First,Pelle Mattsson,12.0,0.083333,2024-08-01 16:40:07,True,5,23620,UNMAPPED
19135820,bet365,Goalscorers,First,Kristoffer Haugen,21.0,0.047619,2024-08-01 16:40:07,True,5,23620,UNMAPPED
19135820,bet365,Goalscorers,Last,Veton Berisha,7.0,0.142857,2024-08-01 16:40:07,True,5,23620,UNMAPPED
19135820,bet365,Goalscorers,Last,Magnus Solheim,11.0,0.090909,2024-08-01 16:40:07,True,5,23620,UNMAPPED
19135820,bet365,Goalscorers,Last,Leon-Robin Juberg-Hovland,15.0,0.066667,2024-08-01 16:40:07,True,5,23620,UNMAPPED
19135820,bet365,Goalscorers,Last,Johan Bakke,21.0,0.047619,2024-08-01 16:40:07,True,5,23620,UNMAPPED
19135820,bet365,Goalscorers,Last,Kristoffer Haugen,21.0,0.047619,2024-08-01 16:40:07,True,5,23620,UNMAPPED
19135820,bet365,Goalscorers,Last,Martin Linnes,21.0,0.047619,2024-08-01 16:40:07,True,5,23620,UNMAPPED
19135820,bet365,Goalscorers,Last,Filip Kristoffersen,26.0,0.038462,2024-08-01 16:40:07,True,5,23620,UNMAPPED
19135820,bet365,Goalscorers,Anytime,Veton Berisha,2.87,0.348432,2024-08-01 16:40:07,True,5,23620,UNMAPPED
19135820,bet365,Goalscorers,Anytime,Magnus Solheim,4.33,0.230947,2024-08-01 16:40:07,True,5,23620,UNMAPPED
19135820,bet365,Goalscorers,Anytime,Pelle Mattsson,4.75,0.210526,2024-08-01 16:40:07,True,5,23620,UNMAPPED
19135820,bet365,Goalscorers,Anytime,Leon-Robin Juberg-Hovland,6.0,0.166667,2024-08-01 16:40:07,True,5,23620,UNMAPPED
19135820,bet365,Goalscorers,Anytime,Johan Bakke,8.0,0.125,2024-08-01 16:40:07,True,5,23620,UNMAPPED
19135820,bet365,Goalscorers,Anytime,Kristoffer Haugen,8.0,0.125,2024-08-01 16:40:07,True,5,23620,UNMAPPED
19135820,bet365,Goalscorers,Anytime,Martin Linnes,8.0,0.125,2024-08-01 16:40:07,True,5,23620,UNMAPPED
19135820,bet365,Goalscorers,Anytime,Filip Kristoffersen,10.0,0.1,2024-08-01 16:40:07,True,5,23620,UNMAPPED
19135820,bet365,Team Goalscorer,First,Magnus Solheim,6.0,0.166667,2024-08-01 17:01:37,True,5,23620,UNMAPPED
19135820,bet365,Team Goalscorer,Last,Julius Nielsen,13.0,0.076923,2024-08-01 17:10:04,True,5,23620,UNMAPPED
19135820,bet365,Goalscorers,First,Mark Christensen,15.0,0.066667,2024-08-01 17:10:04,True,5,23620,UNMAPPED
19135820,bet365,Team Goalscorer,First,Anders Klynge,7.5,0.133333,2024-08-01 17:10:04,True,5,23620,UNMAPPED
19135820,bet365,Team Goalscorer,Last,Pelle Mattsson,6.5,0.153846,2024-08-01 17:01:37,True,5,23620,UNMAPPED
19135820,bet365,Team Goalscorer,First,Leon-Robin Juberg-Hovland,8.0,0.125,2024-08-01 17:01:37,True,5,23620,UNMAPPED
19135820,bet365,Team Goalscorer,First,Filip Kristoffersen,15.0,0.066667,2024-08-01 17:01:37,True,5,23620,UNMAPPED
19135820,bet365,Team Goalscorer,Last,Veton Berisha,3.75,0.266667,2024-08-01 17:01:37,True,5,23620,UNMAPPED
19135820,bet365,Team Goalscorer,Last,Johan Bakke,11.0,0.090909,2024-08-01 17:01:37,True,5,23620,UNMAPPED
19135820,bet365,Team Goalscorer,Last,Filip Kristoffersen,15.0,0.066667,2024-08-01 17:01:37,True,5,23620,UNMAPPED
19135820,bet365,Goalscorers,Last,Anders Klynge,15.0,0.066667,2024-08-01 17:10:04,True,5,23620,UNMAPPED
19135820,bet365,Goalscorers,Last,Mark Christensen,15.0,0.066667,2024-08-01 17:10:04,True,5,23620,UNMAPPED
19135820,bet365,Goalscorers,Last,Valdemar Lund Jensen,34.0,0.029412,2024-08-01 17:10:04,True,5,23620,UNMAPPED
19135820,bet365,Goalscorers,Anytime,Anders Klynge,6.0,0.166667,2024-08-01 17:10:04,True,5,23620,UNMAPPED
19135820,bet365,Goalscorers,Anytime,Valdemar Lund Jensen,13.0,0.076923,2024-08-01 17:10:04,True,5,23620,UNMAPPED
19135820,bet365,Goalscorers,First,Jens Gammelby,15.0,0.066667,2024-08-01 17:10:04,True,5,23620,UNMAPPED
19135820,bet365,Goalscorers,First,Sondre Granaas,17.0,0.058824,2024-08-01 17:10:04,True,5,23620,UNMAPPED
19135820,bet365,Goalscorers,First,No Goalscorer,15.0,0.066667,2024-08-01 17:10:04,True,5,23620,UNMAPPED
19135820,bet365,Goalscorers,Last,Mads Freundlich,12.0,0.083333,2024-08-01 17:10:04,True,5,23620,UNMAPPED
19135820,bet365,Goalscorers,Last,Alwande Roaldsoy,13.0,0.076923,2024-08-01 17:10:04,True,5,23620,UNMAPPED
19135820,bet365,Goalscorers,Last,Jens Gammelby,15.0,0.066667,2024-08-01 17:10:04,True,5,23620,UNMAPPED
19135820,bet365,Goalscorers,Last,Oskar Boesen,15.0,0.066667,2024-08-01 17:10:04,True,5,23620,UNMAPPED
19135820,bet365,Goalscorers,Last,Sondre Granaas,17.0,0.058824,2024-08-01 17:10:04,True,5,23620,UNMAPPED
19135820,bet365,Goalscorers,Last,Andreas Pyndt,19.0,0.052632,2024-08-01 17:10:04,True,5,23620,UNMAPPED
19135820,bet365,Goalscorers,Last,Julius Nielsen,23.0,0.043478,2024-08-01 17:10:04,True,5,23620,UNMAPPED
19135820,bet365,Goalscorers,Last,Eirik Haugan,29.0,0.034483,2024-08-01 17:10:04,True,5,23620,UNMAPPED
19135820,bet365,Goalscorers,Last,Isak Helstad Amundsen,34.0,0.029412,2024-08-01 17:10:04,True,5,23620,UNMAPPED
19135820,bet365,Goalscorers,Last,No Goalscorer,15.0,0.066667,2024-08-01 17:10:04,True,5,23620,UNMAPPED
19135820,bet365,Goalscorers,Anytime,Alwande Roaldsoy,5.0,0.2,2024-08-01 17:10:04,True,5,23620,UNMAPPED
19135820,bet365,Goalscorers,Anytime,Jens Gammelby,6.0,0.166667,2024-08-01 17:10:04,True,5,23620,UNMAPPED
19135820,bet365,Goalscorers,Anytime,Oskar Boesen,6.0,0.166667,2024-08-01 17:10:04,True,5,23620,UNMAPPED
19135820,bet365,Goalscorers,Anytime,Andreas Pyndt,7.5,0.133333,2024-08-01 17:10:04,True,5,23620,UNMAPPED
19135820,bet365,Goalscorers,Anytime,Julius Nielsen,9.0,0.111111,2024-08-01 17:10:04,True,5,23620,UNMAPPED
19135820,bet365,Goalscorers,Anytime,Eirik Haugan,11.0,0.090909,2024-08-01 17:10:04,True,5,23620,UNMAPPED
19135820,bet365,Goalscorers,Anytime,Isak Helstad Amundsen,13.0,0.076923,2024-08-01 17:10:04,True,5,23620,UNMAPPED
19135820,bet365,Team Goalscorer,First,Oskar Boesen,7.5,0.133333,2024-08-01 17:10:04,True,5,23620,UNMAPPED
19135820,bet365,Team Goalscorer,First,Jens Gammelby,8.5,0.117647,2024-08-01 17:10:04,True,5,23620,UNMAPPED
19135820,bet365,Team Goalscorer,First,Mark Christensen,8.5,0.117647,2024-08-01 17:10:04,True,5,23620,UNMAPPED
19135820,bet365,Team Goalscorer,First,Andreas Pyndt,11.0,0.090909,2024-08-01 17:10:04,True,5,23620,UNMAPPED
19135820,bet365,Team Goalscorer,First,Julius Nielsen,13.0,0.076923,2024-08-01 17:10:04,True,5,23620,UNMAPPED
19135820,bet365,Team Goalscorer,Last,No Goalscorer (Silkeborg IF),4.33,0.230947,2024-08-01 17:10:04,True,5,23620,UNMAPPED
19135820,bet365,Team Goalscorer,Last,Mads Freundlich,6.5,0.153846,2024-08-01 17:10:04,True,5,23620,UNMAPPED
19135820,bet365,Team Goalscorer,Last,Jens Gammelby,8.5,0.117647,2024-08-01 17:10:04,True,5,23620,UNMAPPED
19135820,bet365,Team Goalscorer,First,Alwande Roaldsoy,7.0,0.142857,2024-08-01 17:10:04,True,5,23620,UNMAPPED
19135820,bet365,Team Goalscorer,First,Sondre Granaas,9.5,0.105263,2024-08-01 17:10:04,True,5,23620,UNMAPPED
19135820,bet365,Team Goalscorer,First,Eirik Haugan,15.0,0.066667,2024-08-01 17:10:04,True,5,23620,UNMAPPED
19135820,bet365,Team Goalscorer,First,Isak Helstad Amundsen,19.0,0.052632,2024-08-01 17:10:04,True,5,23620,UNMAPPED
19135820,bet365,Team Goalscorer,First,Valdemar Lund Jensen,19.0,0.052632,2024-08-01 17:10:04,True,5,23620,UNMAPPED
19135820,bet365,Team Goalscorer,Last,No Goalscorer (Molde),3.5,0.285714,2024-08-01 17:10:04,True,5,23620,UNMAPPED
19135820,bet365,Team Goalscorer,Last,Sondre Granaas,9.5,0.105263,2024-08-01 17:10:04,True,5,23620,UNMAPPED
19135820,bet365,Team Goalscorer,Last,Isak Helstad Amundsen,19.0,0.052632,2024-08-01 17:10:04,True,5,23620,UNMAPPED
19135820,bet365,Team Goalscorer,Last,Valdemar Lund Jensen,19.0,0.052632,2024-08-01 17:10:04,True,5,23620,UNMAPPED
19135820,bet365,Goalscorers,Last,Pelle Mattsson,12.0,0.083333,2024-08-01 16:40:07,True,5,23620,UNMAPPED
19135820,bet365,Team Goalscorer,First,Pelle Mattsson,6.5,0.153846,2024-08-01 17:01:37,True,5,23620,UNMAPPED
19135820,bet365,Team Goalscorer,First,No Goalscorer (Silkeborg IF),4.33,0.230947,2024-08-01 17:10:04,True,5,23620,UNMAPPED
19135820,bet365,Team Goalscorer,First,Mads Freundlich,6.5,0.153846,2024-08-01 17:10:04,True,5,23620,UNMAPPED
19135820,bet365,Team Goalscorer,First,Johan Bakke,11.0,0.090909,2024-08-01 17:01:37,True,5,23620,UNMAPPED
19135820,bet365,Team Goalscorer,First,Kristoffer Haugen,12.0,0.083333,2024-08-01 17:01:37,True,5,23620,UNMAPPED
19135820,bet365,Team Goalscorer,First,Martin Linnes,12.0,0.083333,2024-08-01 17:01:37,True,5,23620,UNMAPPED
19135820,bet365,Goalscorers,First,Valdemar Lund Jensen,34.0,0.029412,2024-08-01 17:10:04,True,5,23620,UNMAPPED
19135820,bet365,Goalscorers,First,Isak Helstad Amundsen,34.0,0.029412,2024-08-01 17:10:04,True,5,23620,UNMAPPED
19135820,bet365,Goalscorers,First,Julius Nielsen,23.0,0.043478,2024-08-01 17:10:04,True,5,23620,UNMAPPED
19135820,bet365,Goalscorers,First,Eirik Haugan,29.0,0.034483,2024-08-01 17:10:04,True,5,23620,UNMAPPED
19135820,bet365,Goalscorers,First,Johan Bakke,21.0,0.047619,2024-08-01 16:40:07,True,5,23620,UNMAPPED
19135820,bet365,Goalscorers,First,Mads Freundlich,12.0,0.083333,2024-08-01 17:10:04,True,5,23620,UNMAPPED
19135820,bet365,Goalscorers,First,Alwande Roaldsoy,13.0,0.076923,2024-08-01 17:10:04,True,5,23620,UNMAPPED
19135820,bet365,Team Goalscorer,Last,Magnus Solheim,6.0,0.166667,2024-08-01 17:01:37,True,5,23620,UNMAPPED
19135820,bet365,Team Goalscorer,Last,Alwande Roaldsoy,7.0,0.142857,2024-08-01 17:10:04,True,5,23620,UNMAPPED
