fixture_id,competition_key,season,home_team,away_team,home_goals,away_goals,priority_rank,has_sqlite_events,has_egie_events,has_cache_events,has_enrichment_events
9900441,world_cup_2026,,A,B,2,1,0,0,0,0,0
1539000,world_cup_2026,,Canada,Bosnia & Herzegovina,1,1,0,0,0,0,0
1538999,world_cup_2026,,South Korea,Czechia,2,1,0,0,0,0,0
1489370,world_cup_2026,,USA,Paraguay,4,1,0,0,0,0,0
1489369,world_cup_2026,,Mexico,South Africa,2,0,0,0,0,0,0
1375863,bundesliga,2024,SV Elversberg,1. FC Heidenheim,1,2,99,0,0,0,0
1375862,bundesliga,2024,1. FC Heidenheim,SV Elversberg,2,2,99,0,0,0,0
1224280,bundesliga,2024,FC St. Pauli,VfL Bochum,0,2,99,0,0,0,0
1224279,bundesliga,2024,Borussia Mönchengladbach,VfL Wolfsburg,0,1,99,0,0,0,0
1224278,bundesliga,2024,FSV Mainz 05,Bayer Leverkusen,2,2,99,0,0,0,0
1224277,bundesliga,2024,FC Augsburg,Union Berlin,1,2,99,0,0,0,0
1224276,bundesliga,2024,SC Freiburg,Eintracht Frankfurt,1,3,99,0,0,0,0
1224275,bundesliga,2024,1. FC Heidenheim,Werder Bremen,1,4,99,0,0,0,0
1224274,bundesliga,2024,1899 Hoffenheim,Bayern München,0,4,99,0,0,0,0
1224273,bundesliga,2024,Borussia Dortmund,Holstein Kiel,3,0,99,0,0,0,0
1224272,bundesliga,2024,RB Leipzig,VfB Stuttgart,2,3,99,0,0,0,0
1224271,bundesliga,2024,Holstein Kiel,SC Freiburg,1,2,99,0,0,0,0
1224270,bundesliga,2024,VfL Bochum,FSV Mainz 05,1,4,99,0,0,0,0
1224269,bundesliga,2024,Union Berlin,1. FC Heidenheim,0,3,99,0,0,0,0
1224268,bundesliga,2024,VfL Wolfsburg,1899 Hoffenheim,2,2,99,0,0,0,0
1224266,bundesliga,2024,Eintracht Frankfurt,FC St. Pauli,2,2,99,0,0,0,0
1224265,bundesliga,2024,Bayern München,Borussia Mönchengladbach,2,0,99,0,0,0,0
1224264,bundesliga,2024,VfB Stuttgart,FC Augsburg,4,0,99,0,0,0,0
1224263,bundesliga,2024,Bayer Leverkusen,Borussia Dortmund,2,4,99,0,0,0,0
1224262,bundesliga,2024,FC St. Pauli,VfB Stuttgart,0,1,99,0,0,0,0
1224261,bundesliga,2024,Union Berlin,Werder Bremen,2,2,99,0,0,0,0
1224260,bundesliga,2024,Borussia Mönchengladbach,1899 Hoffenheim,4,4,99,0,0,0,0
1224259,bundesliga,2024,FSV Mainz 05,Eintracht Frankfurt,1,1,99,0,0,0,0
1224258,bundesliga,2024,FC Augsburg,Holstein Kiel,1,3,99,0,0,0,0
1224257,bundesliga,2024,SC Freiburg,Bayer Leverkusen,2,2,99,0,0,0,0
1224255,bundesliga,2024,Borussia Dortmund,VfL Wolfsburg,4,0,99,0,0,0,0
1224254,bundesliga,2024,RB Leipzig,Bayern München,3,3,99,0,0,0,0
1224253,bundesliga,2024,Holstein Kiel,Borussia Mönchengladbach,4,3,99,0,0,0,0
1224252,bundesliga,2024,VfL Bochum,Union Berlin,1,1,99,0,0,0,0
1224251,bundesliga,2024,VfL Wolfsburg,SC Freiburg,0,1,99,0,0,0,0
1224249,bundesliga,2024,1899 Hoffenheim,Borussia Dortmund,2,3,99,0,0,0,0
1224248,bundesliga,2024,Eintracht Frankfurt,RB Leipzig,4,0,99,0,0,0,0
1224247,bundesliga,2024,Bayern München,FSV Mainz 05,3,0,99,0,0,0,0
1224246,bundesliga,2024,VfB Stuttgart,1. FC Heidenheim,0,1,99,0,0,0,0
1224245,bundesliga,2024,Bayer Leverkusen,FC Augsburg,2,0,99,0,0,0,0
1224244,bundesliga,2024,FC St. Pauli,Bayer Leverkusen,1,1,99,0,0,0,0
1224243,bundesliga,2024,Union Berlin,VfB Stuttgart,4,4,99,0,0,0,0
1224242,bundesliga,2024,FSV Mainz 05,VfL Wolfsburg,2,2,99,0,0,0,0
1224240,bundesliga,2024,SC Freiburg,1899 Hoffenheim,3,2,99,0,0,0,0
1224239,bundesliga,2024,Werder Bremen,VfL Bochum,1,0,99,0,0,0,0
1224238,bundesliga,2024,1. FC Heidenheim,Bayern München,0,4,99,0,0,0,0
1224237,bundesliga,2024,Borussia Dortmund,Borussia Mönchengladbach,3,2,99,0,0,0,0
1224236,bundesliga,2024,RB Leipzig,Holstein Kiel,1,1,99,0,0,0,0
1224235,bundesliga,2024,Holstein Kiel,FC St. Pauli,1,2,99,0,0,0,0
1224234,bundesliga,2024,VfL Bochum,FC Augsburg,1,2,99,0,0,0,0
1224233,bundesliga,2024,Borussia Mönchengladbach,SC Freiburg,1,2,99,0,0,0,0
1224232,bundesliga,2024,VfL Wolfsburg,RB Leipzig,2,3,99,0,0,0,0
1224231,bundesliga,2024,1899 Hoffenheim,FSV Mainz 05,2,0,99,0,0,0,0
1224230,bundesliga,2024,Eintracht Frankfurt,1. FC Heidenheim,3,0,99,0,0,0,0
1224229,bundesliga,2024,Bayern München,Borussia Dortmund,2,2,99,0,0,0,0
1224228,bundesliga,2024,VfB Stuttgart,Werder Bremen,1,2,99,0,0,0,0
1224226,bundesliga,2024,FC St. Pauli,Borussia Mönchengladbach,1,1,99,0,0,0,0
1224225,bundesliga,2024,VfL Bochum,VfB Stuttgart,0,4,99,0,0,0,0
1224224,bundesliga,2024,Union Berlin,VfL Wolfsburg,1,0,99,0,0,0,0
1224223,bundesliga,2024,FSV Mainz 05,Holstein Kiel,1,1,99,0,0,0,0
1224222,bundesliga,2024,FC Augsburg,Bayern München,1,3,99,0,0,0,0
1224221,bundesliga,2024,SC Freiburg,Borussia Dortmund,1,4,99,0,0,0,0
1224220,bundesliga,2024,Werder Bremen,Eintracht Frankfurt,2,0,99,0,0,0,0
1224219,bundesliga,2024,1. FC Heidenheim,Bayer Leverkusen,0,1,99,0,0,0,0
1224218,bundesliga,2024,RB Leipzig,1899 Hoffenheim,3,1,99,0,0,0,0
1224217,bundesliga,2024,Holstein Kiel,Werder Bremen,0,3,99,0,0,0,0
1224216,bundesliga,2024,Borussia Mönchengladbach,RB Leipzig,1,0,99,0,0,0,0
1224215,bundesliga,2024,VfL Wolfsburg,1. FC Heidenheim,0,1,99,0,0,0,0
1224214,bundesliga,2024,SC Freiburg,Union Berlin,1,2,99,0,0,0,0
1224213,bundesliga,2024,1899 Hoffenheim,FC Augsburg,1,1,99,0,0,0,0
1224212,bundesliga,2024,Eintracht Frankfurt,VfB Stuttgart,1,0,99,0,0,0,0
1224211,bundesliga,2024,Borussia Dortmund,FSV Mainz 05,3,1,99,0,0,0,0
1224210,bundesliga,2024,Bayern München,FC St. Pauli,3,2,99,0,0,0,0
1224209,bundesliga,2024,Bayer Leverkusen,VfL Bochum,3,1,99,0,0,0,0
1224207,bundesliga,2024,VfL Bochum,Eintracht Frankfurt,1,3,99,0,0,0,0
1224206,bundesliga,2024,Union Berlin,Bayern München,1,1,99,0,0,0,0
1224204,bundesliga,2024,FC Augsburg,VfL Wolfsburg,1,0,99,0,0,0,0
1224202,bundesliga,2024,1. FC Heidenheim,Holstein Kiel,3,1,99,0,0,0,0
1224201,bundesliga,2024,RB Leipzig,Borussia Dortmund,2,0,99,0,0,0,0
1224200,bundesliga,2024,VfB Stuttgart,Bayer Leverkusen,3,4,99,0,0,0,0
1049105,bundesliga,2023,VfB Stuttgart,Union Berlin,2,0,99,0,0,0,1
1049104,bundesliga,2023,FC Augsburg,FC Heidenheim,1,0,99,0,0,0,1
1049103,bundesliga,2023,Vfl Bochum,SC Freiburg,1,2,99,0,0,0,1
1049102,bundesliga,2023,Werder Bremen,Borussia Dortmund,1,2,99,0,0,0,1
1049101,bundesliga,2023,Borussia Monchengladbach,1. FC Köln,3,3,99,0,0,0,1
1049100,bundesliga,2023,Eintracht Frankfurt,1899 Hoffenheim,3,1,99,0,0,0,1
1049099,bundesliga,2023,Bayer Leverkusen,VfL Wolfsburg,2,0,99,0,0,0,1
1049098,bundesliga,2023,RB Leipzig,SV Darmstadt 98,2,0,99,0,0,0,1
1049097,bundesliga,2023,Bayern Munich,FSV Mainz 05,8,1,99,0,0,0,1
1049096,bundesliga,2023,SV Darmstadt 98,FC Augsburg,0,6,99,0,0,0,1
1049095,bundesliga,2023,FC Heidenheim,Eintracht Frankfurt,1,2,99,0,0,0,1
1049094,bundesliga,2023,Vfl Bochum,RB Leipzig,1,4,99,0,0,0,1
1049093,bundesliga,2023,1899 Hoffenheim,Werder Bremen,2,1,99,0,0,0,1
1049092,bundesliga,2023,1. FC Köln,Bayer Leverkusen,0,2,99,0,0,0,1
1049091,bundesliga,2023,FSV Mainz 05,Borussia Monchengladbach,1,1,99,0,0,0,1
1049090,bundesliga,2023,VfL Wolfsburg,VfB Stuttgart,2,3,99,0,0,0,1
1049089,bundesliga,2023,SC Freiburg,Bayern Munich,2,2,99,0,0,0,1
1049088,bundesliga,2023,Union Berlin,Borussia Dortmund,0,2,99,0,0,0,1
1049087,bundesliga,2023,VfB Stuttgart,1. FC Köln,1,1,99,0,0,0,1
1049086,bundesliga,2023,FC Augsburg,SC Freiburg,2,1,99,0,0,0,1
1049085,bundesliga,2023,Werder Bremen,SV Darmstadt 98,1,1,99,0,0,0,1
1049084,bundesliga,2023,Borussia Monchengladbach,Vfl Bochum,5,2,99,0,0,0,1
1049083,bundesliga,2023,Eintracht Frankfurt,VfL Wolfsburg,2,2,99,0,0,0,1
1049082,bundesliga,2023,Bayer Leverkusen,FSV Mainz 05,2,1,99,0,0,0,1
1049081,bundesliga,2023,Union Berlin,FC Heidenheim,2,2,99,0,0,0,1
1049080,bundesliga,2023,Borussia Dortmund,1899 Hoffenheim,2,3,99,0,0,0,1
1049079,bundesliga,2023,Bayern Munich,RB Leipzig,2,1,99,0,0,0,1
1049078,bundesliga,2023,SV Darmstadt 98,VfB Stuttgart,1,2,99,0,0,0,1
1049077,bundesliga,2023,FC Heidenheim,Bayer Leverkusen,1,2,99,0,0,0,1
1049076,bundesliga,2023,Vfl Bochum,Bayern Munich,3,2,99,0,0,0,1
1049075,bundesliga,2023,1899 Hoffenheim,Union Berlin,0,1,99,0,0,0,1
1049074,bundesliga,2023,1. FC Köln,Werder Bremen,0,1,99,0,0,0,1
1049073,bundesliga,2023,FSV Mainz 05,FC Augsburg,1,0,99,0,0,0,1
1049072,bundesliga,2023,VfL Wolfsburg,Borussia Dortmund,1,1,99,0,0,0,1
1049071,bundesliga,2023,SC Freiburg,Eintracht Frankfurt,3,3,99,0,0,0,1
1049070,bundesliga,2023,RB Leipzig,Borussia Monchengladbach,2,0,99,0,0,0,1
1049069,bundesliga,2023,VfB Stuttgart,FSV Mainz 05,3,1,99,0,0,0,1
1049068,bundesliga,2023,FC Augsburg,RB Leipzig,2,2,99,0,0,0,1
1049067,bundesliga,2023,Werder Bremen,FC Heidenheim,1,2,99,0,0,0,1
1049066,bundesliga,2023,1899 Hoffenheim,1. FC Köln,1,1,99,0,0,0,1
1049064,bundesliga,2023,Eintracht Frankfurt,Vfl Bochum,1,1,99,0,0,0,1
1049063,bundesliga,2023,Bayer Leverkusen,Bayern Munich,3,0,99,0,0,0,1
1049062,bundesliga,2023,Union Berlin,VfL Wolfsburg,1,0,99,0,0,0,1
1049061,bundesliga,2023,Borussia Dortmund,SC Freiburg,3,0,99,0,0,0,1
1049060,bundesliga,2023,SV Darmstadt 98,Bayer Leverkusen,0,2,99,0,0,0,1
1049058,bundesliga,2023,Vfl Bochum,FC Augsburg,1,1,99,0,0,0,1
1049057,bundesliga,2023,1. FC Köln,Eintracht Frankfurt,2,0,99,0,0,0,1
1049056,bundesliga,2023,FSV Mainz 05,Werder Bremen,0,1,99,0,0,0,1
1049055,bundesliga,2023,VfL Wolfsburg,1899 Hoffenheim,2,2,99,0,0,0,1
1049054,bundesliga,2023,SC Freiburg,VfB Stuttgart,1,3,99,0,0,0,1
1049053,bundesliga,2023,RB Leipzig,Union Berlin,2,0,99,0,0,0,1
1049052,bundesliga,2023,Bayern Munich,Borussia Monchengladbach,3,1,99,0,0,0,1
1049051,bundesliga,2023,VfB Stuttgart,RB Leipzig,5,2,99,0,0,0,1
1049050,bundesliga,2023,FC Augsburg,Bayern Munich,2,3,99,0,0,0,1
1049049,bundesliga,2023,Werder Bremen,SC Freiburg,3,1,99,0,0,0,1
1049048,bundesliga,2023,1899 Hoffenheim,FC Heidenheim,1,1,99,0,0,0,1
1049047,bundesliga,2023,VfL Wolfsburg,1. FC Köln,1,1,99,0,0,0,1
1049046,bundesliga,2023,Eintracht Frankfurt,FSV Mainz 05,1,0,99,0,0,0,1
1049044,bundesliga,2023,Union Berlin,SV Darmstadt 98,1,0,99,0,0,0,1
1049043,bundesliga,2023,Borussia Dortmund,Vfl Bochum,3,1,99,0,0,0,1
1049042,bundesliga,2023,SV Darmstadt 98,Eintracht Frankfurt,2,2,99,0,0,0,1
1049041,bundesliga,2023,FC Heidenheim,VfL Wolfsburg,1,1,99,0,0,0,1
1049040,bundesliga,2023,Vfl Bochum,VfB Stuttgart,1,0,99,0,0,0,1
1049039,bundesliga,2023,1. FC Köln,Borussia Dortmund,0,4,99,0,0,0,1
1049038,bundesliga,2023,Borussia Monchengladbach,FC Augsburg,1,2,99,0,0,0,1
1049037,bundesliga,2023,FSV Mainz 05,Union Berlin,1,1,99,0,0,0,1
1049036,bundesliga,2023,SC Freiburg,1899 Hoffenheim,3,2,99,0,0,0,1
1049035,bundesliga,2023,RB Leipzig,Bayer Leverkusen,2,3,99,0,0,0,1
1049034,bundesliga,2023,Bayern Munich,Werder Bremen,0,1,99,0,0,0,1
1049033,bundesliga,2023,SV Darmstadt 98,Borussia Dortmund,0,3,99,0,0,0,1
1049032,bundesliga,2023,FC Augsburg,Bayer Leverkusen,0,1,99,0,0,0,1
1049031,bundesliga,2023,Vfl Bochum,Werder Bremen,1,1,99,0,0,0,1
1049030,bundesliga,2023,1. FC Köln,FC Heidenheim,1,1,99,0,0,0,1
1049029,bundesliga,2023,Borussia Monchengladbach,VfB Stuttgart,3,1,99,0,0,0,1
1049028,bundesliga,2023,FSV Mainz 05,VfL Wolfsburg,1,1,99,0,0,0,1
1049026,bundesliga,2023,RB Leipzig,Eintracht Frankfurt,0,1,99,0,0,0,1
1049025,bundesliga,2023,Bayern Munich,1899 Hoffenheim,3,0,99,0,0,0,1
1049024,bundesliga,2023,FC Heidenheim,SC Freiburg,3,2,99,0,0,0,1
1049023,bundesliga,2023,VfB Stuttgart,FC Augsburg,3,0,99,0,0,0,1
1049022,bundesliga,2023,Werder Bremen,RB Leipzig,1,1,99,0,0,0,1
1049021,bundesliga,2023,1899 Hoffenheim,SV Darmstadt 98,3,3,99,0,0,0,1
1049020,bundesliga,2023,VfL Wolfsburg,Bayern Munich,1,2,99,0,0,0,1
1049019,bundesliga,2023,Eintracht Frankfurt,Borussia Monchengladbach,2,1,99,0,0,0,1
1049018,bundesliga,2023,Bayer Leverkusen,Vfl Bochum,4,0,99,0,0,0,1
1049017,bundesliga,2023,Union Berlin,1. FC Köln,2,0,99,0,0,0,1
1049016,bundesliga,2023,Borussia Dortmund,FSV Mainz 05,1,1,99,0,0,0,1
1049015,bundesliga,2023,SV Darmstadt 98,VfL Wolfsburg,0,1,99,0,0,0,1
1049014,bundesliga,2023,FC Augsburg,Borussia Dortmund,1,1,99,0,0,0,1
1049013,bundesliga,2023,Vfl Bochum,Union Berlin,3,0,99,0,0,0,1
1049012,bundesliga,2023,Borussia Monchengladbach,Werder Bremen,2,2,99,0,0,0,1
1049011,bundesliga,2023,FSV Mainz 05,FC Heidenheim,0,1,99,0,0,0,1
1049010,bundesliga,2023,Bayer Leverkusen,Eintracht Frankfurt,3,0,99,0,0,0,1
1049009,bundesliga,2023,SC Freiburg,1. FC Köln,2,0,99,0,0,0,1
1049008,bundesliga,2023,RB Leipzig,1899 Hoffenheim,3,1,99,0,0,0,1
1049007,bundesliga,2023,Bayern Munich,VfB Stuttgart,3,0,99,0,0,0,1
1049006,bundesliga,2023,FC Heidenheim,SV Darmstadt 98,3,2,99,0,0,0,1
1049005,bundesliga,2023,VfB Stuttgart,Bayer Leverkusen,1,1,99,0,0,0,1
1049004,bundesliga,2023,Werder Bremen,FC Augsburg,2,0,99,0,0,0,1
1049003,bundesliga,2023,1899 Hoffenheim,Vfl Bochum,3,1,99,0,0,0,1
1049001,bundesliga,2023,VfL Wolfsburg,SC Freiburg,0,1,99,0,0,0,1
1049000,bundesliga,2023,Eintracht Frankfurt,Bayern Munich,5,1,99,0,0,0,1
1048999,bundesliga,2023,Union Berlin,Borussia Monchengladbach,3,1,99,0,0,0,1
1048998,bundesliga,2023,Borussia Dortmund,RB Leipzig,2,3,99,0,0,0,1
1048997,bundesliga,2023,SV Darmstadt 98,1. FC Köln,0,1,99,0,0,0,1
1048996,bundesliga,2023,VfB Stuttgart,Werder Bremen,2,0,99,0,0,0,1
1048995,bundesliga,2023,FC Augsburg,Eintracht Frankfurt,2,1,99,0,0,0,1
1048994,bundesliga,2023,Vfl Bochum,VfL Wolfsburg,3,1,99,0,0,0,1
1048993,bundesliga,2023,Borussia Monchengladbach,1899 Hoffenheim,2,1,99,0,0,0,1
1048992,bundesliga,2023,FSV Mainz 05,SC Freiburg,0,1,99,0,0,0,1
1048991,bundesliga,2023,Bayer Leverkusen,Borussia Dortmund,1,1,99,0,0,0,1
1048990,bundesliga,2023,RB Leipzig,FC Heidenheim,2,1,99,0,0,0,1
1048989,bundesliga,2023,Bayern Munich,Union Berlin,1,0,99,0,0,0,1
1048987,bundesliga,2023,Werder Bremen,Bayer Leverkusen,0,3,99,0,0,0,1
1048986,bundesliga,2023,1899 Hoffenheim,FSV Mainz 05,1,1,99,0,0,0,1
1048985,bundesliga,2023,1. FC Köln,Bayern Munich,0,1,99,0,0,0,1
1048984,bundesliga,2023,VfL Wolfsburg,RB Leipzig,2,1,99,0,0,0,1
1048983,bundesliga,2023,Eintracht Frankfurt,VfB Stuttgart,1,2,99,0,0,0,1
1048982,bundesliga,2023,SC Freiburg,SV Darmstadt 98,1,1,99,0,0,0,1
1048981,bundesliga,2023,Union Berlin,FC Augsburg,1,1,99,0,0,0,1
1048980,bundesliga,2023,Borussia Dortmund,Borussia Monchengladbach,4,2,99,0,0,0,1
1048978,bundesliga,2023,VfB Stuttgart,Borussia Dortmund,2,1,99,0,0,0,1
1048977,bundesliga,2023,FC Augsburg,1899 Hoffenheim,1,1,99,0,0,0,1
1048976,bundesliga,2023,Vfl Bochum,1. FC Köln,1,1,99,0,0,0,1
1048975,bundesliga,2023,Werder Bremen,Eintracht Frankfurt,2,2,99,0,0,0,1
1048974,bundesliga,2023,Borussia Monchengladbach,VfL Wolfsburg,4,0,99,0,0,0,1
1048973,bundesliga,2023,Bayer Leverkusen,Union Berlin,4,0,99,0,0,0,1
1048972,bundesliga,2023,RB Leipzig,SC Freiburg,3,1,99,0,0,0,1
1048971,bundesliga,2023,Bayern Munich,FC Heidenheim,4,2,99,0,0,0,1
1048970,bundesliga,2023,SV Darmstadt 98,Vfl Bochum,1,2,99,0,0,0,1
1048969,bundesliga,2023,FC Heidenheim,VfB Stuttgart,2,0,99,0,0,0,1
1048968,bundesliga,2023,1899 Hoffenheim,Bayer Leverkusen,2,3,99,0,0,0,1
1048967,bundesliga,2023,1. FC Köln,FC Augsburg,1,1,99,0,0,0,1
1048966,bundesliga,2023,FSV Mainz 05,RB Leipzig,2,0,99,0,0,0,1
1048965,bundesliga,2023,VfL Wolfsburg,Werder Bremen,2,2,99,0,0,0,1
1048964,bundesliga,2023,SC Freiburg,Borussia Monchengladbach,3,3,99,0,0,0,1
1048963,bundesliga,2023,Union Berlin,Eintracht Frankfurt,0,3,99,0,0,0,1
1048962,bundesliga,2023,Borussia Dortmund,Bayern Munich,0,4,99,0,0,0,1
1048961,bundesliga,2023,VfB Stuttgart,1899 Hoffenheim,2,3,99,0,0,0,1
1048960,bundesliga,2023,FC Augsburg,VfL Wolfsburg,3,2,99,0,0,0,1
1048959,bundesliga,2023,Vfl Bochum,FSV Mainz 05,2,2,99,0,0,0,1
1048958,bundesliga,2023,Werder Bremen,Union Berlin,2,0,99,0,0,0,1
1048957,bundesliga,2023,Borussia Monchengladbach,FC Heidenheim,2,1,99,0,0,0,1
1048956,bundesliga,2023,Eintracht Frankfurt,Borussia Dortmund,3,3,99,0,0,0,1
1048955,bundesliga,2023,Bayer Leverkusen,SC Freiburg,2,1,99,0,0,0,1
1048954,bundesliga,2023,RB Leipzig,1. FC Köln,6,0,99,0,0,0,1
1048953,bundesliga,2023,Bayern Munich,SV Darmstadt 98,8,0,99,0,0,0,1
1048952,bundesliga,2023,SV Darmstadt 98,RB Leipzig,1,3,99,0,0,0,1
1048951,bundesliga,2023,FC Heidenheim,FC Augsburg,2,5,99,0,0,0,1
1048950,bundesliga,2023,1899 Hoffenheim,Eintracht Frankfurt,1,3,99,0,0,0,1
1048949,bundesliga,2023,1. FC Köln,Borussia Monchengladbach,3,1,99,0,0,0,1
1048948,bundesliga,2023,FSV Mainz 05,Bayern Munich,1,3,99,0,0,0,1
1048947,bundesliga,2023,VfL Wolfsburg,Bayer Leverkusen,1,2,99,0,0,0,1
1048946,bundesliga,2023,SC Freiburg,Vfl Bochum,2,1,99,0,0,0,1
1048945,bundesliga,2023,Union Berlin,VfB Stuttgart,0,3,99,0,0,0,1
1048944,bundesliga,2023,Borussia Dortmund,Werder Bremen,1,0,99,0,0,0,1
1048943,bundesliga,2023,VfB Stuttgart,VfL Wolfsburg,3,1,99,0,0,0,1
1048942,bundesliga,2023,FC Augsburg,SV Darmstadt 98,1,2,99,0,0,0,1
1048941,bundesliga,2023,Werder Bremen,1899 Hoffenheim,2,3,99,0,0,0,1
1048940,bundesliga,2023,Borussia Monchengladbach,FSV Mainz 05,2,2,99,0,0,0,1
1048939,bundesliga,2023,Eintracht Frankfurt,FC Heidenheim,2,0,99,0,0,0,1
1048938,bundesliga,2023,Bayer Leverkusen,1. FC Köln,3,0,99,0,0,0,1
1048936,bundesliga,2023,Borussia Dortmund,Union Berlin,4,2,99,0,0,0,1
1048935,bundesliga,2023,Bayern Munich,SC Freiburg,3,0,99,0,0,0,1
1048934,bundesliga,2023,SV Darmstadt 98,Werder Bremen,4,2,99,0,0,0,1
1048933,bundesliga,2023,FC Heidenheim,Union Berlin,1,0,99,0,0,0,1
1048932,bundesliga,2023,Vfl Bochum,Borussia Monchengladbach,1,3,99,0,0,0,1
1048931,bundesliga,2023,1899 Hoffenheim,Borussia Dortmund,1,3,99,0,0,0,1
1048930,bundesliga,2023,1. FC Köln,VfB Stuttgart,0,2,99,0,0,0,1
1048929,bundesliga,2023,FSV Mainz 05,Bayer Leverkusen,0,3,99,0,0,0,1
1048928,bundesliga,2023,VfL Wolfsburg,Eintracht Frankfurt,2,0,99,0,0,0,1
1048927,bundesliga,2023,SC Freiburg,FC Augsburg,2,0,99,0,0,0,1
1048926,bundesliga,2023,RB Leipzig,Bayern Munich,2,2,99,0,0,0,1
1048925,bundesliga,2023,VfB Stuttgart,SV Darmstadt 98,3,1,99,0,0,0,1
1048924,bundesliga,2023,FC Augsburg,FSV Mainz 05,2,1,99,0,0,0,1
1048923,bundesliga,2023,Werder Bremen,1. FC Köln,2,1,99,0,0,0,1
1048922,bundesliga,2023,Borussia Monchengladbach,RB Leipzig,0,1,99,0,0,0,1
1048920,bundesliga,2023,Bayer Leverkusen,FC Heidenheim,4,1,99,0,0,0,1
1048919,bundesliga,2023,Union Berlin,1899 Hoffenheim,0,2,99,0,0,0,1
1048918,bundesliga,2023,Borussia Dortmund,VfL Wolfsburg,1,0,99,0,0,0,1
1048917,bundesliga,2023,Bayern Munich,Vfl Bochum,7,0,99,0,0,0,1
1048916,bundesliga,2023,SV Darmstadt 98,Borussia Monchengladbach,3,3,99,0,0,0,1
1048915,bundesliga,2023,FC Heidenheim,Werder Bremen,4,2,99,0,0,0,1
1048914,bundesliga,2023,Vfl Bochum,Eintracht Frankfurt,1,1,99,0,0,0,1
1048913,bundesliga,2023,1. FC Köln,1899 Hoffenheim,1,3,99,0,0,0,1
1048912,bundesliga,2023,FSV Mainz 05,VfB Stuttgart,1,3,99,0,0,0,1
1048911,bundesliga,2023,VfL Wolfsburg,Union Berlin,2,1,99,0,0,0,1
1048910,bundesliga,2023,SC Freiburg,Borussia Dortmund,2,4,99,0,0,0,1
1048909,bundesliga,2023,RB Leipzig,FC Augsburg,3,0,99,0,0,0,1
1048908,bundesliga,2023,Bayern Munich,Bayer Leverkusen,2,2,99,0,0,0,1
1048907,bundesliga,2023,VfB Stuttgart,SC Freiburg,5,0,99,0,0,0,1
1048906,bundesliga,2023,FC Augsburg,Vfl Bochum,2,2,99,0,0,0,1
1048905,bundesliga,2023,Werder Bremen,FSV Mainz 05,4,0,99,0,0,0,1
1048904,bundesliga,2023,1899 Hoffenheim,VfL Wolfsburg,3,1,99,0,0,0,1
1048903,bundesliga,2023,Borussia Monchengladbach,Bayern Munich,1,2,99,0,0,0,1
1048902,bundesliga,2023,Eintracht Frankfurt,1. FC Köln,1,1,99,0,0,0,1
1048901,bundesliga,2023,Bayer Leverkusen,SV Darmstadt 98,5,1,99,0,0,0,1
1048900,bundesliga,2023,Union Berlin,RB Leipzig,0,3,99,0,0,0,1
1048899,bundesliga,2023,Borussia Dortmund,FC Heidenheim,2,2,99,0,0,0,1
1048898,bundesliga,2023,SV Darmstadt 98,Union Berlin,1,4,99,0,0,0,1
1048897,bundesliga,2023,FC Heidenheim,1899 Hoffenheim,2,3,99,0,0,0,1
1048896,bundesliga,2023,Vfl Bochum,Borussia Dortmund,1,1,99,0,0,0,1
1048895,bundesliga,2023,1. FC Köln,VfL Wolfsburg,1,2,99,0,0,0,1
1048894,bundesliga,2023,Borussia Monchengladbach,Bayer Leverkusen,0,3,99,0,0,0,1
1048893,bundesliga,2023,FSV Mainz 05,Eintracht Frankfurt,1,1,99,0,0,0,1
1048892,bundesliga,2023,SC Freiburg,Werder Bremen,1,0,99,0,0,0,1
1048891,bundesliga,2023,RB Leipzig,VfB Stuttgart,5,1,99,0,0,0,1
1048890,bundesliga,2023,Bayern Munich,FC Augsburg,3,1,99,0,0,0,1
1048889,bundesliga,2023,VfB Stuttgart,Vfl Bochum,5,0,99,0,0,0,1
1048888,bundesliga,2023,FC Augsburg,Borussia Monchengladbach,4,4,99,0,0,0,1
1048887,bundesliga,2023,1899 Hoffenheim,SC Freiburg,1,2,99,0,0,0,1
1048886,bundesliga,2023,VfL Wolfsburg,FC Heidenheim,2,0,99,0,0,0,1
1048885,bundesliga,2023,Eintracht Frankfurt,SV Darmstadt 98,1,0,99,0,0,0,1
1048884,bundesliga,2023,Bayer Leverkusen,RB Leipzig,3,2,99,0,0,0,1
1048883,bundesliga,2023,Union Berlin,FSV Mainz 05,4,1,99,0,0,0,1
1048882,bundesliga,2023,Borussia Dortmund,1. FC Köln,1,0,99,0,0,0,1
1048881,bundesliga,2023,Werder Bremen,Bayern Munich,0,4,99,0,0,0,1
1029008,bundesliga,2022,Hamburger SV,VfB Stuttgart,1,3,99,0,0,0,1
1029007,bundesliga,2022,VfB Stuttgart,Hamburger SV,3,0,99,0,0,0,1
871469,bundesliga,2022,VfB Stuttgart,1899 Hoffenheim,1,1,99,0,0,0,1
871468,bundesliga,2022,Vfl Bochum,Bayer Leverkusen,3,0,99,0,0,0,1
871467,bundesliga,2022,VfL Wolfsburg,Hertha Berlin,1,2,99,0,0,0,1
871466,bundesliga,2022,Eintracht Frankfurt,SC Freiburg,2,1,99,0,0,0,1
871465,bundesliga,2022,Borussia Monchengladbach,FC Augsburg,2,0,99,0,0,0,1
871464,bundesliga,2022,1. FC Köln,Bayern Munich,1,2,99,0,0,0,1
871463,bundesliga,2022,Union Berlin,Werder Bremen,1,0,99,0,0,0,1
871462,bundesliga,2022,RB Leipzig,FC Schalke 04,4,2,99,0,0,0,1
871461,bundesliga,2022,Borussia Dortmund,FSV Mainz 05,2,2,99,0,0,0,1
871460,bundesliga,2022,Werder Bremen,1. FC Köln,1,1,99,0,0,0,1
871459,bundesliga,2022,FC Schalke 04,Eintracht Frankfurt,2,2,99,0,0,0,1
871458,bundesliga,2022,Hertha Berlin,Vfl Bochum,1,1,99,0,0,0,1
871457,bundesliga,2022,FC Augsburg,Borussia Dortmund,0,3,99,0,0,0,1
871456,bundesliga,2022,1899 Hoffenheim,Union Berlin,4,2,99,0,0,0,1
871455,bundesliga,2022,FSV Mainz 05,VfB Stuttgart,1,4,99,0,0,0,1
871454,bundesliga,2022,SC Freiburg,VfL Wolfsburg,2,0,99,0,0,0,1
871453,bundesliga,2022,Bayer Leverkusen,Borussia Monchengladbach,2,2,99,0,0,0,1
871452,bundesliga,2022,Bayern Munich,RB Leipzig,1,3,99,0,0,0,1
871451,bundesliga,2022,VfB Stuttgart,Bayer Leverkusen,1,1,99,0,0,0,1
871450,bundesliga,2022,Vfl Bochum,FC Augsburg,3,2,99,0,0,0,1
871449,bundesliga,2022,VfL Wolfsburg,1899 Hoffenheim,2,1,99,0,0,0,1
871448,bundesliga,2022,Eintracht Frankfurt,FSV Mainz 05,3,0,99,0,0,0,1
871447,bundesliga,2022,1. FC Köln,Hertha Berlin,5,2,99,0,0,0,1
871446,bundesliga,2022,Union Berlin,SC Freiburg,4,2,99,0,0,0,1
871445,bundesliga,2022,RB Leipzig,Werder Bremen,2,1,99,0,0,0,1
871444,bundesliga,2022,Borussia Dortmund,Borussia Monchengladbach,5,2,99,0,0,0,1
871443,bundesliga,2022,Bayern Munich,FC Schalke 04,6,0,99,0,0,0,1
871442,bundesliga,2022,Werder Bremen,Bayern Munich,1,2,99,0,0,0,1
871441,bundesliga,2022,Hertha Berlin,VfB Stuttgart,2,1,99,0,0,0,1
871440,bundesliga,2022,FC Augsburg,Union Berlin,1,0,99,0,0,0,1
871439,bundesliga,2022,Borussia Monchengladbach,Vfl Bochum,2,0,99,0,0,0,1
871438,bundesliga,2022,1899 Hoffenheim,Eintracht Frankfurt,3,1,99,0,0,0,1
871437,bundesliga,2022,FSV Mainz 05,FC Schalke 04,2,3,99,0,0,0,1
871436,bundesliga,2022,SC Freiburg,RB Leipzig,0,1,99,0,0,0,1
871435,bundesliga,2022,Bayer Leverkusen,1. FC Köln,1,2,99,0,0,0,1
871434,bundesliga,2022,Borussia Dortmund,VfL Wolfsburg,6,0,99,0,0,0,1
871433,bundesliga,2022,FC Schalke 04,Werder Bremen,2,1,99,0,0,0,1
871432,bundesliga,2022,VfB Stuttgart,Borussia Monchengladbach,2,1,99,0,0,0,1
871431,bundesliga,2022,Vfl Bochum,Borussia Dortmund,1,1,99,0,0,0,1
871430,bundesliga,2022,VfL Wolfsburg,FSV Mainz 05,3,0,99,0,0,0,1
871429,bundesliga,2022,Eintracht Frankfurt,FC Augsburg,1,1,99,0,0,0,1
871428,bundesliga,2022,1. FC Köln,SC Freiburg,0,1,99,0,0,0,1
871426,bundesliga,2022,RB Leipzig,1899 Hoffenheim,1,0,99,0,0,0,1
871425,bundesliga,2022,Bayern Munich,Hertha Berlin,2,0,99,0,0,0,1
871424,bundesliga,2022,Hertha Berlin,Werder Bremen,2,4,99,0,0,0,1
871423,bundesliga,2022,FC Augsburg,VfB Stuttgart,1,1,99,0,0,0,1
871422,bundesliga,2022,Vfl Bochum,VfL Wolfsburg,1,5,99,0,0,0,1
871421,bundesliga,2022,Borussia Monchengladbach,Union Berlin,0,1,99,0,0,0,1
871420,bundesliga,2022,1899 Hoffenheim,1. FC Köln,1,3,99,0,0,0,1
871419,bundesliga,2022,FSV Mainz 05,Bayern Munich,3,1,99,0,0,0,1
871418,bundesliga,2022,SC Freiburg,FC Schalke 04,4,0,99,0,0,0,1
871417,bundesliga,2022,Bayer Leverkusen,RB Leipzig,2,0,99,0,0,0,1
871416,bundesliga,2022,Borussia Dortmund,Eintracht Frankfurt,4,0,99,0,0,0,1
871415,bundesliga,2022,Werder Bremen,SC Freiburg,1,2,99,0,0,0,1
871414,bundesliga,2022,FC Schalke 04,Hertha Berlin,5,2,99,0,0,0,1
871413,bundesliga,2022,VfB Stuttgart,Borussia Dortmund,3,3,99,0,0,0,1
871411,bundesliga,2022,Eintracht Frankfurt,Borussia Monchengladbach,1,1,99,0,0,0,1
871410,bundesliga,2022,1. FC Köln,FSV Mainz 05,1,1,99,0,0,0,1
871409,bundesliga,2022,Union Berlin,Vfl Bochum,1,1,99,0,0,0,1
871408,bundesliga,2022,RB Leipzig,FC Augsburg,3,2,99,0,0,0,1
871407,bundesliga,2022,Bayern Munich,1899 Hoffenheim,1,1,99,0,0,0,1
871406,bundesliga,2022,Hertha Berlin,RB Leipzig,0,1,99,0,0,0,1
871405,bundesliga,2022,FC Augsburg,1. FC Köln,1,3,99,0,0,0,1
871404,bundesliga,2022,Vfl Bochum,VfB Stuttgart,2,3,99,0,0,0,1
871403,bundesliga,2022,Borussia Monchengladbach,VfL Wolfsburg,2,0,99,0,0,0,1
871402,bundesliga,2022,1899 Hoffenheim,FC Schalke 04,2,0,99,0,0,0,1
871401,bundesliga,2022,FSV Mainz 05,Werder Bremen,2,2,99,0,0,0,1
871400,bundesliga,2022,SC Freiburg,Bayern Munich,0,1,99,0,0,0,1
871399,bundesliga,2022,Bayer Leverkusen,Eintracht Frankfurt,3,1,99,0,0,0,1
871398,bundesliga,2022,Borussia Dortmund,Union Berlin,2,1,99,0,0,0,1
871397,bundesliga,2022,Werder Bremen,1899 Hoffenheim,1,2,99,0,0,0,1
871396,bundesliga,2022,FC Schalke 04,Bayer Leverkusen,0,3,99,0,0,0,1
871395,bundesliga,2022,VfL Wolfsburg,FC Augsburg,2,2,99,0,0,0,1
871394,bundesliga,2022,Eintracht Frankfurt,Vfl Bochum,1,1,99,0,0,0,1
871392,bundesliga,2022,SC Freiburg,Hertha Berlin,1,1,99,0,0,0,1
871391,bundesliga,2022,Union Berlin,VfB Stuttgart,3,0,99,0,0,0,1
871390,bundesliga,2022,RB Leipzig,FSV Mainz 05,0,3,99,0,0,0,1
871389,bundesliga,2022,Bayern Munich,Borussia Dortmund,4,2,99,0,0,0,1
871388,bundesliga,2022,VfB Stuttgart,VfL Wolfsburg,0,1,99,0,0,0,1
871387,bundesliga,2022,FC Augsburg,FC Schalke 04,1,1,99,0,0,0,1
871386,bundesliga,2022,Vfl Bochum,RB Leipzig,1,0,99,0,0,0,1
871385,bundesliga,2022,Borussia Monchengladbach,Werder Bremen,2,2,99,0,0,0,1
871384,bundesliga,2022,1899 Hoffenheim,Hertha Berlin,3,1,99,0,0,0,1
871383,bundesliga,2022,FSV Mainz 05,SC Freiburg,1,1,99,0,0,0,1
871382,bundesliga,2022,Union Berlin,Eintracht Frankfurt,2,0,99,0,0,0,1
871381,bundesliga,2022,Bayer Leverkusen,Bayern Munich,2,1,99,0,0,0,1
871380,bundesliga,2022,Borussia Dortmund,1. FC Köln,6,1,99,0,0,0,1
871379,bundesliga,2022,Werder Bremen,Bayer Leverkusen,2,3,99,0,0,0,1
871378,bundesliga,2022,FC Schalke 04,Borussia Dortmund,2,2,99,0,0,0,1
871377,bundesliga,2022,Hertha Berlin,FSV Mainz 05,1,1,99,0,0,0,1
871376,bundesliga,2022,VfL Wolfsburg,Union Berlin,1,1,99,0,0,0,1
871375,bundesliga,2022,Eintracht Frankfurt,VfB Stuttgart,1,1,99,0,0,0,1
871374,bundesliga,2022,1. FC Köln,Vfl Bochum,0,2,99,0,0,0,1
871373,bundesliga,2022,SC Freiburg,1899 Hoffenheim,2,1,99,0,0,0,1
871372,bundesliga,2022,RB Leipzig,Borussia Monchengladbach,3,0,99,0,0,0,1
871371,bundesliga,2022,Bayern Munich,FC Augsburg,5,3,99,0,0,0,1
871370,bundesliga,2022,VfB Stuttgart,Bayern Munich,1,2,99,0,0,0,1
871369,bundesliga,2022,FC Augsburg,Werder Bremen,2,1,99,0,0,0,1
871368,bundesliga,2022,Vfl Bochum,FC Schalke 04,0,2,99,0,0,0,1
871367,bundesliga,2022,VfL Wolfsburg,Eintracht Frankfurt,2,2,99,0,0,0,1
871365,bundesliga,2022,FSV Mainz 05,1899 Hoffenheim,1,0,99,0,0,0,1
871363,bundesliga,2022,Bayer Leverkusen,Hertha Berlin,4,1,99,0,0,0,1
871362,bundesliga,2022,Borussia Dortmund,RB Leipzig,2,1,99,0,0,0,1
871361,bundesliga,2022,Werder Bremen,Vfl Bochum,3,0,99,0,0,0,1
871360,bundesliga,2022,FC Schalke 04,VfB Stuttgart,2,1,99,0,0,0,1
871359,bundesliga,2022,Hertha Berlin,FC Augsburg,2,0,99,0,0,0,1
871358,bundesliga,2022,1899 Hoffenheim,Borussia Dortmund,0,1,99,0,0,0,1
871357,bundesliga,2022,FSV Mainz 05,Borussia Monchengladbach,4,0,99,0,0,0,1
871356,bundesliga,2022,1. FC Köln,VfL Wolfsburg,0,2,99,0,0,0,1
871355,bundesliga,2022,SC Freiburg,Bayer Leverkusen,1,1,99,0,0,0,1
871354,bundesliga,2022,RB Leipzig,Eintracht Frankfurt,2,1,99,0,0,0,1
871353,bundesliga,2022,Bayern Munich,Union Berlin,3,0,99,0,0,0,1
871352,bundesliga,2022,VfB Stuttgart,1. FC Köln,3,0,99,0,0,0,1
871351,bundesliga,2022,FC Augsburg,1899 Hoffenheim,1,0,99,0,0,0,1
871350,bundesliga,2022,Vfl Bochum,SC Freiburg,0,2,99,0,0,0,1
871349,bundesliga,2022,VfL Wolfsburg,RB Leipzig,0,3,99,0,0,0,1
871348,bundesliga,2022,Eintracht Frankfurt,Werder Bremen,2,0,99,0,0,0,1
871347,bundesliga,2022,Borussia Monchengladbach,Bayern Munich,3,2,99,0,0,0,1
871345,bundesliga,2022,Bayer Leverkusen,FSV Mainz 05,2,3,99,0,0,0,1
871344,bundesliga,2022,Borussia Dortmund,Hertha Berlin,4,1,99,0,0,0,1
871343,bundesliga,2022,Werder Bremen,Borussia Dortmund,0,2,99,0,0,0,1
871341,bundesliga,2022,Hertha Berlin,Borussia Monchengladbach,4,1,99,0,0,0,1
871340,bundesliga,2022,1899 Hoffenheim,Bayer Leverkusen,1,3,99,0,0,0,1
871339,bundesliga,2022,FSV Mainz 05,FC Augsburg,3,1,99,0,0,0,1
871338,bundesliga,2022,1. FC Köln,Eintracht Frankfurt,3,0,99,0,0,0,1
871337,bundesliga,2022,SC Freiburg,VfB Stuttgart,2,1,99,0,0,0,1
871336,bundesliga,2022,RB Leipzig,Union Berlin,1,2,99,0,0,0,1
871335,bundesliga,2022,Bayern Munich,Vfl Bochum,3,0,99,0,0,0,1
871334,bundesliga,2022,VfB Stuttgart,Werder Bremen,0,2,99,0,0,0,1
871333,bundesliga,2022,FC Augsburg,Bayer Leverkusen,1,0,99,0,0,0,1
871332,bundesliga,2022,Vfl Bochum,1899 Hoffenheim,5,2,99,0,0,0,1
871331,bundesliga,2022,VfL Wolfsburg,Bayern Munich,2,4,99,0,0,0,1
871330,bundesliga,2022,Eintracht Frankfurt,Hertha Berlin,3,0,99,0,0,0,1
871327,bundesliga,2022,Union Berlin,FSV Mainz 05,2,1,99,0,0,0,1
871326,bundesliga,2022,Borussia Dortmund,SC Freiburg,5,1,99,0,0,0,1
871325,bundesliga,2022,Werder Bremen,VfL Wolfsburg,2,1,99,0,0,0,1
871323,bundesliga,2022,Hertha Berlin,Union Berlin,0,2,99,0,0,0,1
871322,bundesliga,2022,1899 Hoffenheim,Borussia Monchengladbach,1,4,99,0,0,0,1
871321,bundesliga,2022,FSV Mainz 05,Vfl Bochum,5,2,99,0,0,0,1
871320,bundesliga,2022,SC Freiburg,FC Augsburg,3,1,99,0,0,0,1
871319,bundesliga,2022,RB Leipzig,VfB Stuttgart,2,1,99,0,0,0,1
871318,bundesliga,2022,Bayer Leverkusen,Borussia Dortmund,0,2,99,0,0,0,1
871317,bundesliga,2022,Bayern Munich,Eintracht Frankfurt,1,1,99,0,0,0,1
871316,bundesliga,2022,Werder Bremen,Union Berlin,1,2,99,0,0,0,1
871315,bundesliga,2022,FC Schalke 04,RB Leipzig,1,6,99,0,0,0,1
871314,bundesliga,2022,Hertha Berlin,VfL Wolfsburg,0,5,99,0,0,0,1
871313,bundesliga,2022,FC Augsburg,Borussia Monchengladbach,1,0,99,0,0,0,1
871312,bundesliga,2022,1899 Hoffenheim,VfB Stuttgart,2,2,99,0,0,0,1
871311,bundesliga,2022,FSV Mainz 05,Borussia Dortmund,1,2,99,0,0,0,1
871310,bundesliga,2022,SC Freiburg,Eintracht Frankfurt,1,1,99,0,0,0,1
871309,bundesliga,2022,Bayer Leverkusen,Vfl Bochum,2,0,99,0,0,0,1
871308,bundesliga,2022,Bayern Munich,1. FC Köln,1,1,99,0,0,0,1
871307,bundesliga,2022,VfB Stuttgart,FSV Mainz 05,1,1,99,0,0,0,1
871306,bundesliga,2022,Vfl Bochum,Hertha Berlin,3,1,99,0,0,0,1
871305,bundesliga,2022,VfL Wolfsburg,SC Freiburg,6,0,99,0,0,0,1
871304,bundesliga,2022,Eintracht Frankfurt,FC Schalke 04,3,0,99,0,0,0,1
871303,bundesliga,2022,Borussia Monchengladbach,Bayer Leverkusen,2,3,99,0,0,0,1
871302,bundesliga,2022,1. FC Köln,Werder Bremen,7,1,99,0,0,0,1
871301,bundesliga,2022,Union Berlin,1899 Hoffenheim,3,1,99,0,0,0,1
871300,bundesliga,2022,RB Leipzig,Bayern Munich,1,1,99,0,0,0,1
871299,bundesliga,2022,Borussia Dortmund,FC Augsburg,4,3,99,0,0,0,1
871298,bundesliga,2022,Werder Bremen,RB Leipzig,1,2,99,0,0,0,1
871297,bundesliga,2022,FC Schalke 04,Bayern Munich,0,2,99,0,0,0,1
871296,bundesliga,2022,Hertha Berlin,1. FC Köln,2,0,99,0,0,0,1
871295,bundesliga,2022,FC Augsburg,Vfl Bochum,0,1,99,0,0,0,1
871294,bundesliga,2022,Borussia Monchengladbach,Borussia Dortmund,4,2,99,0,0,0,1
871293,bundesliga,2022,1899 Hoffenheim,VfL Wolfsburg,1,2,99,0,0,0,1
871292,bundesliga,2022,FSV Mainz 05,Eintracht Frankfurt,1,1,99,0,0,0,1
871291,bundesliga,2022,SC Freiburg,Union Berlin,4,1,99,0,0,0,1
871290,bundesliga,2022,Bayer Leverkusen,VfB Stuttgart,2,0,99,0,0,0,1
871289,bundesliga,2022,FC Schalke 04,FSV Mainz 05,1,0,99,0,0,0,1
871288,bundesliga,2022,VfB Stuttgart,Hertha Berlin,2,1,99,0,0,0,1
871287,bundesliga,2022,Vfl Bochum,Borussia Monchengladbach,2,1,99,0,0,0,1
871286,bundesliga,2022,VfL Wolfsburg,Borussia Dortmund,2,0,99,0,0,0,1
871285,bundesliga,2022,Eintracht Frankfurt,1899 Hoffenheim,4,2,99,0,0,0,1
871284,bundesliga,2022,1. FC Köln,Bayer Leverkusen,1,2,99,0,0,0,1
871283,bundesliga,2022,Union Berlin,FC Augsburg,2,2,99,0,0,0,1
871282,bundesliga,2022,RB Leipzig,SC Freiburg,3,1,99,0,0,0,1
871281,bundesliga,2022,Bayern Munich,Werder Bremen,6,1,99,0,0,0,1
871280,bundesliga,2022,Werder Bremen,FC Schalke 04,2,1,99,0,0,0,1
871279,bundesliga,2022,Hertha Berlin,Bayern Munich,2,3,99,0,0,0,1
871278,bundesliga,2022,FC Augsburg,Eintracht Frankfurt,1,2,99,0,0,0,1
871277,bundesliga,2022,Borussia Monchengladbach,VfB Stuttgart,3,1,99,0,0,0,1
871276,bundesliga,2022,1899 Hoffenheim,RB Leipzig,1,3,99,0,0,0,1
871275,bundesliga,2022,FSV Mainz 05,VfL Wolfsburg,0,3,99,0,0,0,1
871274,bundesliga,2022,SC Freiburg,1. FC Köln,2,0,99,0,0,0,1
871273,bundesliga,2022,Bayer Leverkusen,Union Berlin,5,0,99,0,0,0,1
871272,bundesliga,2022,Borussia Dortmund,Vfl Bochum,3,0,99,0,0,0,1
871271,bundesliga,2022,Werder Bremen,Hertha Berlin,1,0,99,0,0,0,1
871270,bundesliga,2022,FC Schalke 04,SC Freiburg,0,2,99,0,0,0,1
871269,bundesliga,2022,VfB Stuttgart,FC Augsburg,2,1,99,0,0,0,1
871268,bundesliga,2022,VfL Wolfsburg,Vfl Bochum,4,0,99,0,0,0,1
871267,bundesliga,2022,Eintracht Frankfurt,Borussia Dortmund,1,2,99,0,0,0,1
871266,bundesliga,2022,1. FC Köln,1899 Hoffenheim,1,1,99,0,0,0,1
871265,bundesliga,2022,Union Berlin,Borussia Monchengladbach,2,1,99,0,0,0,1
871264,bundesliga,2022,RB Leipzig,Bayer Leverkusen,2,0,99,0,0,0,1
871263,bundesliga,2022,Bayern Munich,FSV Mainz 05,6,2,99,0,0,0,1
871262,bundesliga,2022,Hertha Berlin,FC Schalke 04,2,1,99,0,0,0,1
871261,bundesliga,2022,FC Augsburg,RB Leipzig,3,3,99,0,0,0,1
871260,bundesliga,2022,Vfl Bochum,Union Berlin,2,1,99,0,0,0,1
871259,bundesliga,2022,Borussia Monchengladbach,Eintracht Frankfurt,1,3,99,0,0,0,1
871258,bundesliga,2022,1899 Hoffenheim,Bayern Munich,0,2,99,0,0,0,1
871257,bundesliga,2022,FSV Mainz 05,1. FC Köln,5,0,99,0,0,0,1
871256,bundesliga,2022,SC Freiburg,Werder Bremen,2,0,99,0,0,0,1
871255,bundesliga,2022,Bayer Leverkusen,VfL Wolfsburg,2,2,99,0,0,0,1
871254,bundesliga,2022,Borussia Dortmund,VfB Stuttgart,5,0,99,0,0,0,1
871253,bundesliga,2022,Werder Bremen,FSV Mainz 05,0,2,99,0,0,0,1
871252,bundesliga,2022,FC Schalke 04,1899 Hoffenheim,0,3,99,0,0,0,1
871251,bundesliga,2022,VfB Stuttgart,Vfl Bochum,4,1,99,0,0,0,1
871250,bundesliga,2022,VfL Wolfsburg,Borussia Monchengladbach,2,2,99,0,0,0,1
871249,bundesliga,2022,Eintracht Frankfurt,Bayer Leverkusen,5,1,99,0,0,0,1
871248,bundesliga,2022,1. FC Köln,FC Augsburg,3,2,99,0,0,0,1
871247,bundesliga,2022,Union Berlin,Borussia Dortmund,2,0,99,0,0,0,1
871246,bundesliga,2022,RB Leipzig,Hertha Berlin,3,2,99,0,0,0,1
871245,bundesliga,2022,Bayern Munich,SC Freiburg,5,0,99,0,0,0,1
871244,bundesliga,2022,Hertha Berlin,SC Freiburg,2,2,99,0,0,0,1
871243,bundesliga,2022,VfB Stuttgart,Union Berlin,0,1,99,0,0,0,1
871242,bundesliga,2022,FC Augsburg,VfL Wolfsburg,1,1,99,0,0,0,1
871241,bundesliga,2022,Vfl Bochum,Eintracht Frankfurt,3,0,99,0,0,0,1
871240,bundesliga,2022,Borussia Monchengladbach,1. FC Köln,5,2,99,0,0,0,1
871239,bundesliga,2022,1899 Hoffenheim,Werder Bremen,1,2,99,0,0,0,1
871238,bundesliga,2022,FSV Mainz 05,RB Leipzig,1,1,99,0,0,0,1
871237,bundesliga,2022,Bayer Leverkusen,FC Schalke 04,4,0,99,0,0,0,1
871236,bundesliga,2022,Borussia Dortmund,Bayern Munich,2,2,99,0,0,0,1
871235,bundesliga,2022,Werder Bremen,Borussia Monchengladbach,5,1,99,0,0,0,1
871234,bundesliga,2022,FC Schalke 04,FC Augsburg,2,3,99,0,0,0,1
871233,bundesliga,2022,Hertha Berlin,1899 Hoffenheim,1,1,99,0,0,0,1
871232,bundesliga,2022,VfL Wolfsburg,VfB Stuttgart,3,2,99,0,0,0,1
871231,bundesliga,2022,Eintracht Frankfurt,Union Berlin,2,0,99,0,0,0,1
871230,bundesliga,2022,1. FC Köln,Borussia Dortmund,3,2,99,0,0,0,1
871229,bundesliga,2022,SC Freiburg,FSV Mainz 05,2,1,99,0,0,0,1
871228,bundesliga,2022,RB Leipzig,Vfl Bochum,4,0,99,0,0,0,1
871227,bundesliga,2022,Bayern Munich,Bayer Leverkusen,4,0,99,0,0,0,1
871226,bundesliga,2022,Borussia Dortmund,FC Schalke 04,1,0,99,0,0,0,1
871225,bundesliga,2022,VfB Stuttgart,Eintracht Frankfurt,1,3,99,0,0,0,1
871223,bundesliga,2022,Vfl Bochum,1. FC Köln,1,1,99,0,0,0,1
871222,bundesliga,2022,FSV Mainz 05,Hertha Berlin,1,1,99,0,0,0,1
871221,bundesliga,2022,Union Berlin,VfL Wolfsburg,2,0,99,0,0,0,1
871220,bundesliga,2022,Bayer Leverkusen,Werder Bremen,1,1,99,0,0,0,1
871219,bundesliga,2022,Borussia Monchengladbach,RB Leipzig,3,0,99,0,0,0,1
871218,bundesliga,2022,FC Augsburg,Bayern Munich,1,0,99,0,0,0,1
871217,bundesliga,2022,Werder Bremen,FC Augsburg,0,1,99,0,0,0,1
871216,bundesliga,2022,FC Schalke 04,Vfl Bochum,3,1,99,0,0,0,1
871215,bundesliga,2022,Hertha Berlin,Bayer Leverkusen,2,2,99,0,0,0,1
871214,bundesliga,2022,Eintracht Frankfurt,VfL Wolfsburg,0,1,99,0,0,0,1
871213,bundesliga,2022,1899 Hoffenheim,FSV Mainz 05,4,1,99,0,0,0,1
871212,bundesliga,2022,1. FC Köln,Union Berlin,0,1,99,0,0,0,1
871210,bundesliga,2022,RB Leipzig,Borussia Dortmund,3,0,99,0,0,0,1
871209,bundesliga,2022,Bayern Munich,VfB Stuttgart,2,2,99,0,0,0,1
871208,bundesliga,2022,VfB Stuttgart,FC Schalke 04,1,1,99,0,0,0,1
871207,bundesliga,2022,FC Augsburg,Hertha Berlin,0,2,99,0,0,0,1
871206,bundesliga,2022,Vfl Bochum,Werder Bremen,0,2,99,0,0,0,1
871205,bundesliga,2022,VfL Wolfsburg,1. FC Köln,2,4,99,0,0,0,1
871204,bundesliga,2022,Eintracht Frankfurt,RB Leipzig,4,0,99,0,0,0,1
871203,bundesliga,2022,Borussia Monchengladbach,FSV Mainz 05,0,1,99,0,0,0,1
871202,bundesliga,2022,Union Berlin,Bayern Munich,1,1,99,0,0,0,1
871201,bundesliga,2022,Bayer Leverkusen,SC Freiburg,2,3,99,0,0,0,1
871200,bundesliga,2022,Borussia Dortmund,1899 Hoffenheim,1,0,99,0,0,0,1
871199,bundesliga,2022,Werder Bremen,Eintracht Frankfurt,3,4,99,0,0,0,1
871198,bundesliga,2022,FC Schalke 04,Union Berlin,1,6,99,0,0,0,1
871197,bundesliga,2022,Hertha Berlin,Borussia Dortmund,0,1,99,0,0,0,1
871196,bundesliga,2022,1899 Hoffenheim,FC Augsburg,1,0,99,0,0,0,1
871195,bundesliga,2022,FSV Mainz 05,Bayer Leverkusen,0,3,99,0,0,0,1
871193,bundesliga,2022,SC Freiburg,Vfl Bochum,1,0,99,0,0,0,1
871192,bundesliga,2022,RB Leipzig,VfL Wolfsburg,2,0,99,0,0,0,1
871191,bundesliga,2022,Bayern Munich,Borussia Monchengladbach,1,1,99,0,0,0,1
871190,bundesliga,2022,VfB Stuttgart,SC Freiburg,0,1,99,0,0,0,1
871189,bundesliga,2022,FC Augsburg,FSV Mainz 05,1,2,99,0,0,0,1
871188,bundesliga,2022,Vfl Bochum,Bayern Munich,0,7,99,0,0,0,1
871186,bundesliga,2022,Eintracht Frankfurt,1. FC Köln,1,1,99,0,0,0,1
871185,bundesliga,2022,Borussia Monchengladbach,Hertha Berlin,1,0,99,0,0,0,1
871184,bundesliga,2022,Union Berlin,RB Leipzig,2,1,99,0,0,0,1
871183,bundesliga,2022,Bayer Leverkusen,1899 Hoffenheim,0,3,99,0,0,0,1
871182,bundesliga,2022,Borussia Dortmund,Werder Bremen,2,3,99,0,0,0,1
871181,bundesliga,2022,Werder Bremen,VfB Stuttgart,2,2,99,0,0,0,1
871180,bundesliga,2022,FC Schalke 04,Borussia Monchengladbach,2,2,99,0,0,0,1
871179,bundesliga,2022,Hertha Berlin,Eintracht Frankfurt,1,1,99,0,0,0,1
871178,bundesliga,2022,1899 Hoffenheim,Vfl Bochum,3,2,99,0,0,0,1
871176,bundesliga,2022,SC Freiburg,Borussia Dortmund,1,3,99,0,0,0,1
871175,bundesliga,2022,RB Leipzig,1. FC Köln,2,2,99,0,0,0,1
871174,bundesliga,2022,Bayer Leverkusen,FC Augsburg,1,2,99,0,0,0,1
871173,bundesliga,2022,Bayern Munich,VfL Wolfsburg,2,0,99,0,0,0,1
871172,bundesliga,2022,VfB Stuttgart,RB Leipzig,1,1,99,0,0,0,1
871171,bundesliga,2022,FC Augsburg,SC Freiburg,0,4,99,0,0,0,1
871170,bundesliga,2022,Vfl Bochum,FSV Mainz 05,1,2,99,0,0,0,1
871169,bundesliga,2022,VfL Wolfsburg,Werder Bremen,2,2,99,0,0,0,1
871168,bundesliga,2022,Borussia Monchengladbach,1899 Hoffenheim,3,1,99,0,0,0,1
871167,bundesliga,2022,1. FC Köln,FC Schalke 04,3,1,99,0,0,0,1
871166,bundesliga,2022,Union Berlin,Hertha Berlin,3,1,99,0,0,0,1
871165,bundesliga,2022,Borussia Dortmund,Bayer Leverkusen,1,0,99,0,0,0,1
871164,bundesliga,2022,Eintracht Frankfurt,Bayern Munich,1,6,99,0,0,0,1
862168,bundesliga,2021,Hamburger SV,Hertha Berlin,0,2,99,0,0,0,1
862167,bundesliga,2021,Hertha Berlin,Hamburger SV,0,1,99,0,0,0,1
719654,bundesliga,2021,Arminia Bielefeld,RB Leipzig,1,1,99,0,0,0,1
719653,bundesliga,2021,FC Augsburg,SpVgg Greuther Furth,2,1,99,0,0,0,1
719652,bundesliga,2021,FSV Mainz 05,Eintracht Frankfurt,2,2,99,0,0,0,1
719651,bundesliga,2021,VfB Stuttgart,1. FC Köln,2,1,99,0,0,0,1
719650,bundesliga,2021,Borussia Monchengladbach,1899 Hoffenheim,5,1,99,0,0,0,1
719649,bundesliga,2021,Union Berlin,Vfl Bochum,3,2,99,0,0,0,1
719648,bundesliga,2021,Bayer Leverkusen,SC Freiburg,2,1,99,0,0,0,1
719647,bundesliga,2021,VfL Wolfsburg,Bayern Munich,2,2,99,0,0,0,1
719646,bundesliga,2021,Borussia Dortmund,Hertha Berlin,2,1,99,0,0,0,1
719645,bundesliga,2021,SpVgg Greuther Furth,Borussia Dortmund,1,3,99,0,0,0,1
719644,bundesliga,2021,Vfl Bochum,Arminia Bielefeld,2,1,99,0,0,0,1
719643,bundesliga,2021,1. FC Köln,VfL Wolfsburg,0,1,99,0,0,0,1
719642,bundesliga,2021,Hertha Berlin,FSV Mainz 05,1,2,99,0,0,0,1
719641,bundesliga,2021,1899 Hoffenheim,Bayer Leverkusen,2,4,99,0,0,0,1
719640,bundesliga,2021,SC Freiburg,Union Berlin,1,4,99,0,0,0,1
719639,bundesliga,2021,Eintracht Frankfurt,Borussia Monchengladbach,1,1,99,0,0,0,1
719638,bundesliga,2021,RB Leipzig,FC Augsburg,4,0,99,0,0,0,1
719637,bundesliga,2021,Bayern Munich,VfB Stuttgart,2,2,99,0,0,0,1
719636,bundesliga,2021,Arminia Bielefeld,Hertha Berlin,1,1,99,0,0,0,1
719635,bundesliga,2021,FC Augsburg,1. FC Köln,1,4,99,0,0,0,1
719634,bundesliga,2021,FSV Mainz 05,Bayern Munich,3,1,99,0,0,0,1
719633,bundesliga,2021,1899 Hoffenheim,SC Freiburg,3,4,99,0,0,0,1
719632,bundesliga,2021,VfB Stuttgart,VfL Wolfsburg,1,1,99,0,0,0,1
719631,bundesliga,2021,Borussia Monchengladbach,RB Leipzig,3,1,99,0,0,0,1
719630,bundesliga,2021,Union Berlin,SpVgg Greuther Furth,1,1,99,0,0,0,1
719629,bundesliga,2021,Bayer Leverkusen,Eintracht Frankfurt,2,0,99,0,0,0,1
719628,bundesliga,2021,Borussia Dortmund,Vfl Bochum,3,4,99,0,0,0,1
719627,bundesliga,2021,SpVgg Greuther Furth,Bayer Leverkusen,1,4,99,0,0,0,1
719626,bundesliga,2021,Vfl Bochum,FC Augsburg,0,2,99,0,0,0,1
719625,bundesliga,2021,1. FC Köln,Arminia Bielefeld,3,1,99,0,0,0,1
719624,bundesliga,2021,Hertha Berlin,VfB Stuttgart,2,0,99,0,0,0,1
719623,bundesliga,2021,SC Freiburg,Borussia Monchengladbach,3,3,99,0,0,0,1
719622,bundesliga,2021,Eintracht Frankfurt,1899 Hoffenheim,2,2,99,0,0,0,1
719621,bundesliga,2021,VfL Wolfsburg,FSV Mainz 05,5,0,99,0,0,0,1
719620,bundesliga,2021,RB Leipzig,Union Berlin,1,2,99,0,0,0,1
719619,bundesliga,2021,Bayern Munich,Borussia Dortmund,3,1,99,0,0,0,1
719618,bundesliga,2021,Arminia Bielefeld,Bayern Munich,0,3,99,0,0,0,1
719617,bundesliga,2021,FC Augsburg,Hertha Berlin,0,1,99,0,0,0,1
719614,bundesliga,2021,SC Freiburg,Vfl Bochum,3,0,99,0,0,0,1
719613,bundesliga,2021,Borussia Monchengladbach,1. FC Köln,1,3,99,0,0,0,1
719612,bundesliga,2021,Union Berlin,Eintracht Frankfurt,2,0,99,0,0,0,1
719611,bundesliga,2021,Bayer Leverkusen,RB Leipzig,0,1,99,0,0,0,1
719610,bundesliga,2021,Borussia Dortmund,VfL Wolfsburg,6,1,99,0,0,0,1
719609,bundesliga,2021,SpVgg Greuther Furth,Borussia Monchengladbach,0,2,99,0,0,0,1
719607,bundesliga,2021,1. FC Köln,FSV Mainz 05,3,2,99,0,0,0,1
719606,bundesliga,2021,Hertha Berlin,Union Berlin,1,4,99,0,0,0,1
719605,bundesliga,2021,VfB Stuttgart,Borussia Dortmund,0,2,99,0,0,0,1
719604,bundesliga,2021,Eintracht Frankfurt,SC Freiburg,1,2,99,0,0,0,1
719603,bundesliga,2021,VfL Wolfsburg,Arminia Bielefeld,4,0,99,0,0,0,1
719602,bundesliga,2021,RB Leipzig,1899 Hoffenheim,3,0,99,0,0,0,1
719601,bundesliga,2021,Bayern Munich,FC Augsburg,1,0,99,0,0,0,1
719600,bundesliga,2021,Arminia Bielefeld,VfB Stuttgart,1,1,99,0,0,0,1
719599,bundesliga,2021,FC Augsburg,VfL Wolfsburg,3,0,99,0,0,0,1
719598,bundesliga,2021,1899 Hoffenheim,Vfl Bochum,1,2,99,0,0,0,1
719597,bundesliga,2021,SC Freiburg,Bayern Munich,1,4,99,0,0,0,1
719596,bundesliga,2021,Borussia Monchengladbach,FSV Mainz 05,1,1,99,0,0,0,1
719595,bundesliga,2021,Union Berlin,1. FC Köln,1,0,99,0,0,0,1
719594,bundesliga,2021,Bayer Leverkusen,Hertha Berlin,2,1,99,0,0,0,1
719592,bundesliga,2021,Borussia Dortmund,RB Leipzig,1,4,99,0,0,0,1
719590,bundesliga,2021,Vfl Bochum,Borussia Monchengladbach,0,2,99,0,0,0,1
719589,bundesliga,2021,1. FC Köln,Borussia Dortmund,1,1,99,0,0,0,1
719588,bundesliga,2021,Hertha Berlin,1899 Hoffenheim,3,0,99,0,0,0,1
719587,bundesliga,2021,FSV Mainz 05,Arminia Bielefeld,4,0,99,0,0,0,1
719586,bundesliga,2021,VfB Stuttgart,FC Augsburg,3,2,99,0,0,0,1
719585,bundesliga,2021,VfL Wolfsburg,Bayer Leverkusen,0,2,99,0,0,0,1
719583,bundesliga,2021,Bayern Munich,Union Berlin,4,0,99,0,0,0,1
719582,bundesliga,2021,SpVgg Greuther Furth,RB Leipzig,1,6,99,0,0,0,1
719581,bundesliga,2021,FC Augsburg,FSV Mainz 05,2,1,99,0,0,0,1
719580,bundesliga,2021,1899 Hoffenheim,Bayern Munich,1,1,99,0,0,0,1
719579,bundesliga,2021,SC Freiburg,VfL Wolfsburg,3,2,99,0,0,0,1
719578,bundesliga,2021,Borussia Monchengladbach,Hertha Berlin,2,0,99,0,0,0,1
719577,bundesliga,2021,Union Berlin,VfB Stuttgart,1,1,99,0,0,0,1
719576,bundesliga,2021,Bayer Leverkusen,1. FC Köln,0,1,99,0,0,0,1
719575,bundesliga,2021,Eintracht Frankfurt,Vfl Bochum,2,1,99,0,0,0,1
719574,bundesliga,2021,Borussia Dortmund,Arminia Bielefeld,1,0,99,0,0,0,1
719573,bundesliga,2021,Vfl Bochum,SpVgg Greuther Furth,2,1,99,0,0,0,1
719572,bundesliga,2021,1. FC Köln,1899 Hoffenheim,0,1,99,0,0,0,1
719571,bundesliga,2021,Arminia Bielefeld,FC Augsburg,0,1,99,0,0,0,1
719570,bundesliga,2021,Hertha Berlin,Eintracht Frankfurt,1,4,99,0,0,0,1
719569,bundesliga,2021,FSV Mainz 05,Borussia Dortmund,0,1,99,0,0,0,1
719568,bundesliga,2021,VfB Stuttgart,Borussia Monchengladbach,3,2,99,0,0,0,1
719567,bundesliga,2021,VfL Wolfsburg,Union Berlin,1,0,99,0,0,0,1
719566,bundesliga,2021,RB Leipzig,SC Freiburg,1,1,99,0,0,0,1
719565,bundesliga,2021,Bayern Munich,Bayer Leverkusen,1,1,99,0,0,0,1
719564,bundesliga,2021,SpVgg Greuther Furth,1. FC Köln,1,1,99,0,0,0,1
719563,bundesliga,2021,Vfl Bochum,RB Leipzig,0,1,99,0,0,0,1
719562,bundesliga,2021,FC Augsburg,Borussia Dortmund,1,1,99,0,0,0,1
719561,bundesliga,2021,1899 Hoffenheim,VfB Stuttgart,2,1,99,0,0,0,1
719560,bundesliga,2021,SC Freiburg,Hertha Berlin,3,0,99,0,0,0,1
719559,bundesliga,2021,Borussia Monchengladbach,VfL Wolfsburg,2,2,99,0,0,0,1
719558,bundesliga,2021,Union Berlin,FSV Mainz 05,3,1,99,0,0,0,1
719557,bundesliga,2021,Bayer Leverkusen,Arminia Bielefeld,3,0,99,0,0,0,1
719556,bundesliga,2021,Eintracht Frankfurt,Bayern Munich,0,1,99,0,0,0,1
719555,bundesliga,2021,1. FC Köln,Eintracht Frankfurt,1,0,99,0,0,0,1
719554,bundesliga,2021,Arminia Bielefeld,Union Berlin,1,0,99,0,0,0,1
719553,bundesliga,2021,Hertha Berlin,RB Leipzig,1,6,99,0,0,0,1
719552,bundesliga,2021,FC Augsburg,SC Freiburg,1,2,99,0,0,0,1
719551,bundesliga,2021,FSV Mainz 05,Bayer Leverkusen,3,2,99,0,0,0,1
719550,bundesliga,2021,VfB Stuttgart,Vfl Bochum,1,1,99,0,0,0,1
719549,bundesliga,2021,VfL Wolfsburg,1899 Hoffenheim,1,2,99,0,0,0,1
719548,bundesliga,2021,Borussia Dortmund,Borussia Monchengladbach,6,0,99,0,0,0,1
719547,bundesliga,2021,Bayern Munich,SpVgg Greuther Furth,4,1,99,0,0,0,1
719546,bundesliga,2021,SpVgg Greuther Furth,Hertha Berlin,2,1,99,0,0,0,1
719545,bundesliga,2021,Vfl Bochum,Bayern Munich,4,2,99,0,0,0,1
719544,bundesliga,2021,1899 Hoffenheim,Arminia Bielefeld,2,0,99,0,0,0,1
719543,bundesliga,2021,SC Freiburg,FSV Mainz 05,1,1,99,0,0,0,1
719542,bundesliga,2021,Borussia Monchengladbach,FC Augsburg,3,2,99,0,0,0,1
719541,bundesliga,2021,Union Berlin,Borussia Dortmund,0,3,99,0,0,0,1
719540,bundesliga,2021,Bayer Leverkusen,VfB Stuttgart,4,2,99,0,0,0,1
719539,bundesliga,2021,Eintracht Frankfurt,VfL Wolfsburg,0,2,99,0,0,0,1
719538,bundesliga,2021,RB Leipzig,1. FC Köln,3,1,99,0,0,0,1
719537,bundesliga,2021,1. FC Köln,SC Freiburg,1,0,99,0,0,0,1
719536,bundesliga,2021,Arminia Bielefeld,Borussia Monchengladbach,1,1,99,0,0,0,1
719535,bundesliga,2021,Hertha Berlin,Vfl Bochum,1,1,99,0,0,0,1
719534,bundesliga,2021,FC Augsburg,Union Berlin,2,0,99,0,0,0,1
719533,bundesliga,2021,FSV Mainz 05,1899 Hoffenheim,2,0,99,0,0,0,1
719532,bundesliga,2021,VfB Stuttgart,Eintracht Frankfurt,2,3,99,0,0,0,1
719531,bundesliga,2021,VfL Wolfsburg,SpVgg Greuther Furth,4,1,99,0,0,0,1
719530,bundesliga,2021,Borussia Dortmund,Bayer Leverkusen,2,5,99,0,0,0,1
719529,bundesliga,2021,Bayern Munich,RB Leipzig,3,2,99,0,0,0,1
719528,bundesliga,2021,SpVgg Greuther Furth,FSV Mainz 05,2,1,99,0,0,0,1
719527,bundesliga,2021,Vfl Bochum,1. FC Köln,2,2,99,0,0,0,1
719526,bundesliga,2021,Hertha Berlin,Bayern Munich,1,4,99,0,0,0,1
719525,bundesliga,2021,1899 Hoffenheim,Borussia Dortmund,2,3,99,0,0,0,1
719524,bundesliga,2021,SC Freiburg,VfB Stuttgart,2,0,99,0,0,0,1
719523,bundesliga,2021,Borussia Monchengladbach,Union Berlin,1,2,99,0,0,0,1
719522,bundesliga,2021,Bayer Leverkusen,FC Augsburg,5,1,99,0,0,0,1
719521,bundesliga,2021,Eintracht Frankfurt,Arminia Bielefeld,0,2,99,0,0,0,1
719520,bundesliga,2021,RB Leipzig,VfL Wolfsburg,2,0,99,0,0,0,1
719519,bundesliga,2021,1. FC Köln,Bayern Munich,0,4,99,0,0,0,1
719518,bundesliga,2021,Arminia Bielefeld,SpVgg Greuther Furth,2,2,99,0,0,0,1
719517,bundesliga,2021,FC Augsburg,Eintracht Frankfurt,1,1,99,0,0,0,1
719516,bundesliga,2021,FSV Mainz 05,Vfl Bochum,1,0,99,0,0,0,1
719515,bundesliga,2021,VfB Stuttgart,RB Leipzig,0,2,99,0,0,0,1
719514,bundesliga,2021,Borussia Monchengladbach,Bayer Leverkusen,1,2,99,0,0,0,1
719513,bundesliga,2021,Union Berlin,1899 Hoffenheim,2,1,99,0,0,0,1
719511,bundesliga,2021,Borussia Dortmund,SC Freiburg,5,1,99,0,0,0,1
719509,bundesliga,2021,Vfl Bochum,VfL Wolfsburg,1,0,99,0,0,0,1
719508,bundesliga,2021,Hertha Berlin,1. FC Köln,1,3,99,0,0,0,1
719507,bundesliga,2021,1899 Hoffenheim,FC Augsburg,3,1,99,0,0,0,1
719506,bundesliga,2021,SC Freiburg,Arminia Bielefeld,2,2,99,0,0,0,1
719505,bundesliga,2021,Bayer Leverkusen,Union Berlin,2,2,99,0,0,0,1
719504,bundesliga,2021,Eintracht Frankfurt,Borussia Dortmund,2,3,99,0,0,0,1
719503,bundesliga,2021,RB Leipzig,FSV Mainz 05,4,1,99,0,0,0,1
719502,bundesliga,2021,Bayern Munich,Borussia Monchengladbach,1,2,99,0,0,0,1
719500,bundesliga,2021,Vfl Bochum,Union Berlin,0,1,99,0,0,0,1
719499,bundesliga,2021,1. FC Köln,VfB Stuttgart,1,0,99,0,0,0,1
719498,bundesliga,2021,Hertha Berlin,Borussia Dortmund,3,2,99,0,0,0,1
719497,bundesliga,2021,1899 Hoffenheim,Borussia Monchengladbach,1,1,99,0,0,0,1
719496,bundesliga,2021,SC Freiburg,Bayer Leverkusen,2,1,99,0,0,0,1
719495,bundesliga,2021,Eintracht Frankfurt,FSV Mainz 05,1,0,99,0,0,0,1
719494,bundesliga,2021,RB Leipzig,Arminia Bielefeld,0,2,99,0,0,0,1
719493,bundesliga,2021,Bayern Munich,VfL Wolfsburg,4,0,99,0,0,0,1
719492,bundesliga,2021,Arminia Bielefeld,Vfl Bochum,2,0,99,0,0,0,1
719491,bundesliga,2021,FC Augsburg,RB Leipzig,1,1,99,0,0,0,1
719490,bundesliga,2021,FSV Mainz 05,Hertha Berlin,4,0,99,0,0,0,1
719489,bundesliga,2021,VfB Stuttgart,Bayern Munich,0,5,99,0,0,0,1
719488,bundesliga,2021,Borussia Monchengladbach,Eintracht Frankfurt,2,3,99,0,0,0,1
719486,bundesliga,2021,Bayer Leverkusen,1899 Hoffenheim,2,2,99,0,0,0,1
719485,bundesliga,2021,VfL Wolfsburg,1. FC Köln,2,3,99,0,0,0,1
719484,bundesliga,2021,Borussia Dortmund,SpVgg Greuther Furth,3,0,99,0,0,0,1
719483,bundesliga,2021,SpVgg Greuther Furth,Union Berlin,1,0,99,0,0,0,1
719482,bundesliga,2021,Vfl Bochum,Borussia Dortmund,1,1,99,0,0,0,1
719481,bundesliga,2021,1. FC Köln,FC Augsburg,0,2,99,0,0,0,1
719480,bundesliga,2021,Hertha Berlin,Arminia Bielefeld,2,0,99,0,0,0,1
719479,bundesliga,2021,SC Freiburg,1899 Hoffenheim,1,2,99,0,0,0,1
719478,bundesliga,2021,Eintracht Frankfurt,Bayer Leverkusen,5,2,99,0,0,0,1
719477,bundesliga,2021,VfL Wolfsburg,VfB Stuttgart,0,2,99,0,0,0,1
719476,bundesliga,2021,RB Leipzig,Borussia Monchengladbach,4,1,99,0,0,0,1
719475,bundesliga,2021,Bayern Munich,FSV Mainz 05,2,1,99,0,0,0,1
719474,bundesliga,2021,Arminia Bielefeld,1. FC Köln,1,1,99,0,0,0,1
719473,bundesliga,2021,FC Augsburg,Vfl Bochum,2,3,99,0,0,0,1
719472,bundesliga,2021,FSV Mainz 05,VfL Wolfsburg,3,0,99,0,0,0,1
719471,bundesliga,2021,1899 Hoffenheim,Eintracht Frankfurt,3,2,99,0,0,0,1
719470,bundesliga,2021,VfB Stuttgart,Hertha Berlin,2,2,99,0,0,0,1
719469,bundesliga,2021,Borussia Monchengladbach,SC Freiburg,0,6,99,0,0,0,1
719468,bundesliga,2021,Union Berlin,RB Leipzig,2,1,99,0,0,0,1
719467,bundesliga,2021,Bayer Leverkusen,SpVgg Greuther Furth,7,1,99,0,0,0,1
719466,bundesliga,2021,Borussia Dortmund,Bayern Munich,2,3,99,0,0,0,1
719465,bundesliga,2021,SpVgg Greuther Furth,1899 Hoffenheim,3,6,99,0,0,0,1
719464,bundesliga,2021,Vfl Bochum,SC Freiburg,2,1,99,0,0,0,1
719463,bundesliga,2021,1. FC Köln,Borussia Monchengladbach,4,1,99,0,0,0,1
719462,bundesliga,2021,Hertha Berlin,FC Augsburg,1,1,99,0,0,0,1
719461,bundesliga,2021,VfB Stuttgart,FSV Mainz 05,2,1,99,0,0,0,1
719460,bundesliga,2021,Eintracht Frankfurt,Union Berlin,2,1,99,0,0,0,1
719459,bundesliga,2021,VfL Wolfsburg,Borussia Dortmund,1,3,99,0,0,0,1
719458,bundesliga,2021,RB Leipzig,Bayer Leverkusen,1,3,99,0,0,0,1
719457,bundesliga,2021,Bayern Munich,Arminia Bielefeld,1,0,99,0,0,0,1
719456,bundesliga,2021,Arminia Bielefeld,VfL Wolfsburg,2,2,99,0,0,0,1
719455,bundesliga,2021,FC Augsburg,Bayern Munich,2,1,99,0,0,0,1
719454,bundesliga,2021,FSV Mainz 05,1. FC Köln,1,1,99,0,0,0,1
719453,bundesliga,2021,1899 Hoffenheim,RB Leipzig,2,0,99,0,0,0,1
719452,bundesliga,2021,SC Freiburg,Eintracht Frankfurt,0,2,99,0,0,0,1
719451,bundesliga,2021,Borussia Monchengladbach,SpVgg Greuther Furth,4,0,99,0,0,0,1
719450,bundesliga,2021,Union Berlin,Hertha Berlin,2,0,99,0,0,0,1
719449,bundesliga,2021,Bayer Leverkusen,Vfl Bochum,1,0,99,0,0,0,1
719448,bundesliga,2021,Borussia Dortmund,VfB Stuttgart,2,1,99,0,0,0,1
719447,bundesliga,2021,SpVgg Greuther Furth,Eintracht Frankfurt,1,2,99,0,0,0,1
719446,bundesliga,2021,Vfl Bochum,1899 Hoffenheim,2,0,99,0,0,0,1
719445,bundesliga,2021,1. FC Köln,Union Berlin,2,2,99,0,0,0,1
719444,bundesliga,2021,Hertha Berlin,Bayer Leverkusen,1,1,99,0,0,0,1
719443,bundesliga,2021,FSV Mainz 05,Borussia Monchengladbach,1,1,99,0,0,0,1
719442,bundesliga,2021,VfB Stuttgart,Arminia Bielefeld,0,1,99,0,0,0,1
719441,bundesliga,2021,VfL Wolfsburg,FC Augsburg,1,0,99,0,0,0,1
719440,bundesliga,2021,RB Leipzig,Borussia Dortmund,2,1,99,0,0,0,1
719439,bundesliga,2021,Bayern Munich,SC Freiburg,2,1,99,0,0,0,1
719438,bundesliga,2021,Arminia Bielefeld,FSV Mainz 05,1,2,99,0,0,0,1
719437,bundesliga,2021,FC Augsburg,VfB Stuttgart,4,1,99,0,0,0,1
719436,bundesliga,2021,1899 Hoffenheim,Hertha Berlin,2,0,99,0,0,0,1
719435,bundesliga,2021,SC Freiburg,SpVgg Greuther Furth,3,1,99,0,0,0,1
719434,bundesliga,2021,Borussia Monchengladbach,Vfl Bochum,2,1,99,0,0,0,1
719433,bundesliga,2021,Union Berlin,Bayern Munich,2,5,99,0,0,0,1
719432,bundesliga,2021,Bayer Leverkusen,VfL Wolfsburg,0,2,99,0,0,0,1
719431,bundesliga,2021,Eintracht Frankfurt,RB Leipzig,1,1,99,0,0,0,1
719430,bundesliga,2021,Borussia Dortmund,1. FC Köln,2,0,99,0,0,0,1
719429,bundesliga,2021,Vfl Bochum,Eintracht Frankfurt,2,0,99,0,0,0,1
719428,bundesliga,2021,1. FC Köln,Bayer Leverkusen,2,2,99,0,0,0,1
719427,bundesliga,2021,Arminia Bielefeld,Borussia Dortmund,1,3,99,0,0,0,1
719426,bundesliga,2021,Hertha Berlin,Borussia Monchengladbach,1,0,99,0,0,0,1
719425,bundesliga,2021,FSV Mainz 05,FC Augsburg,4,1,99,0,0,0,1
719424,bundesliga,2021,VfB Stuttgart,Union Berlin,1,1,99,0,0,0,1
719423,bundesliga,2021,VfL Wolfsburg,SC Freiburg,0,2,99,0,0,0,1
719422,bundesliga,2021,RB Leipzig,SpVgg Greuther Furth,4,1,99,0,0,0,1
719421,bundesliga,2021,Bayern Munich,1899 Hoffenheim,4,0,99,0,0,0,1
719420,bundesliga,2021,SpVgg Greuther Furth,Vfl Bochum,0,1,99,0,0,0,1
719419,bundesliga,2021,FC Augsburg,Arminia Bielefeld,1,1,99,0,0,0,1
719418,bundesliga,2021,1899 Hoffenheim,1. FC Köln,5,0,99,0,0,0,1
719417,bundesliga,2021,SC Freiburg,RB Leipzig,1,1,99,0,0,0,1
719416,bundesliga,2021,Borussia Monchengladbach,VfB Stuttgart,1,1,99,0,0,0,1
719415,bundesliga,2021,Union Berlin,VfL Wolfsburg,2,0,99,0,0,0,1
719414,bundesliga,2021,Bayer Leverkusen,Bayern Munich,1,5,99,0,0,0,1
719413,bundesliga,2021,Eintracht Frankfurt,Hertha Berlin,1,2,99,0,0,0,1
719412,bundesliga,2021,Borussia Dortmund,FSV Mainz 05,3,1,99,0,0,0,1
719411,bundesliga,2021,1. FC Köln,SpVgg Greuther Furth,3,1,99,0,0,0,1
719410,bundesliga,2021,Arminia Bielefeld,Bayer Leverkusen,0,4,99,0,0,0,1
719409,bundesliga,2021,Hertha Berlin,SC Freiburg,1,2,99,0,0,0,1
719408,bundesliga,2021,FSV Mainz 05,Union Berlin,1,2,99,0,0,0,1
719407,bundesliga,2021,VfB Stuttgart,1899 Hoffenheim,3,1,99,0,0,0,1
719406,bundesliga,2021,VfL Wolfsburg,Borussia Monchengladbach,1,3,99,0,0,0,1
719405,bundesliga,2021,Borussia Dortmund,FC Augsburg,2,1,99,0,0,0,1
719404,bundesliga,2021,RB Leipzig,Vfl Bochum,3,0,99,0,0,0,1
719403,bundesliga,2021,Bayern Munich,Eintracht Frankfurt,1,2,99,0,0,0,1
719402,bundesliga,2021,SpVgg Greuther Furth,Bayern Munich,1,3,99,0,0,0,1
719400,bundesliga,2021,1899 Hoffenheim,VfL Wolfsburg,3,1,99,0,0,0,1
719399,bundesliga,2021,SC Freiburg,FC Augsburg,3,0,99,0,0,0,1
719398,bundesliga,2021,Borussia Monchengladbach,Borussia Dortmund,1,0,99,0,0,0,1
719397,bundesliga,2021,Union Berlin,Arminia Bielefeld,1,0,99,0,0,0,1
719396,bundesliga,2021,Bayer Leverkusen,FSV Mainz 05,1,0,99,0,0,0,1
719395,bundesliga,2021,Eintracht Frankfurt,1. FC Köln,1,1,99,0,0,0,1
719394,bundesliga,2021,RB Leipzig,Hertha Berlin,6,0,99,0,0,0,1
719393,bundesliga,2021,1. FC Köln,RB Leipzig,1,1,99,0,0,0,1
719391,bundesliga,2021,Hertha Berlin,SpVgg Greuther Furth,2,1,99,0,0,0,1
719390,bundesliga,2021,FC Augsburg,Borussia Monchengladbach,1,0,99,0,0,0,1
719388,bundesliga,2021,VfB Stuttgart,Bayer Leverkusen,1,3,99,0,0,0,1
719387,bundesliga,2021,VfL Wolfsburg,Eintracht Frankfurt,1,1,99,0,0,0,1
719386,bundesliga,2021,Borussia Dortmund,Union Berlin,4,2,99,0,0,0,1
719385,bundesliga,2021,Bayern Munich,Vfl Bochum,7,0,99,0,0,0,1
719384,bundesliga,2021,SpVgg Greuther Furth,VfL Wolfsburg,0,2,99,0,0,0,1
719383,bundesliga,2021,Vfl Bochum,Hertha Berlin,1,3,99,0,0,0,1
719382,bundesliga,2021,1899 Hoffenheim,FSV Mainz 05,0,2,99,0,0,0,1
719381,bundesliga,2021,SC Freiburg,1. FC Köln,1,1,99,0,0,0,1
719380,bundesliga,2021,Borussia Monchengladbach,Arminia Bielefeld,3,1,99,0,0,0,1
719378,bundesliga,2021,Bayer Leverkusen,Borussia Dortmund,3,4,99,0,0,0,1
719377,bundesliga,2021,Eintracht Frankfurt,VfB Stuttgart,1,1,99,0,0,0,1
719376,bundesliga,2021,RB Leipzig,Bayern Munich,1,4,99,0,0,0,1
719375,bundesliga,2021,1. FC Köln,Vfl Bochum,2,1,99,0,0,0,1
719374,bundesliga,2021,Arminia Bielefeld,Eintracht Frankfurt,1,1,99,0,0,0,1
719373,bundesliga,2021,FC Augsburg,Bayer Leverkusen,1,4,99,0,0,0,1
719372,bundesliga,2021,FSV Mainz 05,SpVgg Greuther Furth,3,0,99,0,0,0,1
719371,bundesliga,2021,VfB Stuttgart,SC Freiburg,2,3,99,0,0,0,1
719370,bundesliga,2021,Union Berlin,Borussia Monchengladbach,2,1,99,0,0,0,1
719369,bundesliga,2021,VfL Wolfsburg,RB Leipzig,1,0,99,0,0,0,1
719368,bundesliga,2021,Borussia Dortmund,1899 Hoffenheim,3,2,99,0,0,0,1
719367,bundesliga,2021,Bayern Munich,Hertha Berlin,5,0,99,0,0,0,1
719366,bundesliga,2021,SpVgg Greuther Furth,Arminia Bielefeld,1,1,99,0,0,0,1
719365,bundesliga,2021,Vfl Bochum,FSV Mainz 05,2,0,99,0,0,0,1
719364,bundesliga,2021,Hertha Berlin,VfL Wolfsburg,1,2,99,0,0,0,1
719363,bundesliga,2021,1899 Hoffenheim,Union Berlin,2,2,99,0,0,0,1
719362,bundesliga,2021,SC Freiburg,Borussia Dortmund,2,1,99,0,0,0,1
719361,bundesliga,2021,Bayer Leverkusen,Borussia Monchengladbach,4,0,99,0,0,0,1
719359,bundesliga,2021,RB Leipzig,VfB Stuttgart,4,0,99,0,0,0,1
719358,bundesliga,2021,Bayern Munich,1. FC Köln,3,2,99,0,0,0,1
719357,bundesliga,2021,1. FC Köln,Hertha Berlin,3,1,99,0,0,0,1
719355,bundesliga,2021,FC Augsburg,1899 Hoffenheim,0,4,99,0,0,0,1
719354,bundesliga,2021,FSV Mainz 05,RB Leipzig,1,0,99,0,0,0,1
719353,bundesliga,2021,VfB Stuttgart,SpVgg Greuther Furth,5,1,99,0,0,0,1
719352,bundesliga,2021,Union Berlin,Bayer Leverkusen,1,1,99,0,0,0,1
719351,bundesliga,2021,VfL Wolfsburg,Vfl Bochum,1,0,99,0,0,0,1
719350,bundesliga,2021,Borussia Dortmund,Eintracht Frankfurt,5,2,99,0,0,0,1
719349,bundesliga,2021,Borussia Monchengladbach,Bayern Munich,1,1,99,0,0,0,1
